video_id,start_frame,apex_frame,end_frame,peak_energy,active_side,duration_frames
LIM 1,24,45,51,0.340206,right,28
LIM 1,71,80,88,0.337081,left,18
LIM 1,92,97,104,0.29396,right,13
LIM 1,123,146,150,0.500352,right,28
LIM 1,175,182,193,0.520135,left,19
LIM 1,197,201,208,0.487796,right,12
LIM 1,232,242,249,0.486875,right,18
LIM 1,253,260,269,0.498422,left,17
LIM 1,288,296,303,0.471362,right,16
LIM 1,307,315,321,0.615233,left,15
LIM 1,348,354,366,0.383441,left,19
LIM 1,370,374,382,0.313943,right,13
LIM 1,396,420,423,0.378169,right,28
LIM 1,447,455,465,0.650254,left,19
LIM 1,469,473,481,0.396803,right,13
LIM 1,500,508,518,0.647795,left,19
LIM 1,522,526,533,0.334741,right,12
LIM 1,545,556,572,0.377865,left,28
LIM 1,576,580,603,0.178937,right,28
LIM 1,607,627,633,0.430531,right,27
LIM 2,0,24,27,2.271274,left,28
LIM 2,31,36,39,3.963977,right,9
LIM 2,43,70,70,1.896004,right,28
LIM 2,74,85,88,3.962876,right,15
LIM 2,92,112,119,0.389055,left,28
LIM 2,123,127,134,1.49392,right,12
LIM 2,138,143,146,3.287922,left,9
LIM 2,150,177,177,0.538398,left,28
LIM 2,181,192,197,6.870223,right,17
LIM 2,201,223,228,0.428861,left,28
LIM 2,232,238,243,1.858079,right,12
LIM 2,247,253,257,1.632492,right,11
LIM 2,261,279,283,1.858615,right,23
LIM 2,287,293,299,1.583823,right,13
LIM 2,303,328,330,0.551073,left,28
LIM 2,334,344,348,2.359466,left,15
LIM 2,352,356,359,1.761579,right,8
LIM 2,363,390,390,2.710599,right,28
LIM 2,394,402,406,2.615044,right,13
LIM 2,410,426,437,0.423959,left,28
LIM 2,441,456,459,3.6068,left,19
LIM 2,463,484,490,2.808359,right,28
LIM 2,494,502,505,4.180776,left,12
LIM 2,509,534,536,4.291792,right,28
LIM 2,540,550,554,3.288179,left,15
LIM 2,558,571,578,1.252937,right,21
LIM 2,582,587,590,10.686854,left,9
LIM 3,35,47,53,0.389051,left,19
LIM 3,60,70,77,0.471636,left,18
LIM 3,96,114,123,0.558098,right,28
LIM 3,139,159,166,0.498332,right,28
LIM 3,205,224,231,0.458104,right,27
LIM 3,237,258,264,0.479498,right,28
LIM 3,284,303,309,0.477927,right,26
LIM 3,316,337,343,0.463525,right,28
LIM 4,0,11,27,0.58339,left,28
LIM 4,31,36,52,0.577314,left,22
LIM 4,56,69,81,1.760702,right,26
LIM 4,85,107,112,1.368177,right,28
LIM 4,116,121,143,0.373128,left,28
LIM 4,147,156,164,1.814053,right,18
LIM 4,168,189,195,1.730885,right,28
LIM 4,199,225,226,1.645391,right,28
LIM 5,11,23,38,0.422127,right,28
LIM 5,42,56,69,0.372107,left,28
LIM 5,73,81,100,0.397532,right,28
LIM 5,104,112,131,0.354538,left,28
LIM 5,135,145,162,0.422994,right,28
LIM 5,166,173,183,0.368701,left,18
LIM 5,187,208,214,0.403899,right,28
LIM 5,218,232,245,0.262224,left,28
LIM 5,251,260,278,0.331255,right,28
LIM 5,282,287,298,0.268533,left,17
LIM 5,304,319,331,0.434882,right,28
LIM 5,335,346,360,0.338425,left,26
LIM 5,372,380,398,0.444634,right,27
LIM 5,407,419,434,0.4032,left,28
LIM 5,438,447,463,0.413952,right,26
LIM 5,467,474,492,0.35735,left,26
LIM 5,497,512,523,0.43286,right,27
LIM 5,531,546,555,0.37895,left,25
LIM 5,560,571,584,0.509178,right,25
LIM 5,588,598,605,0.378766,left,18
LIM 6,0,27,27,0.541238,left,28
LIM 6,31,35,56,0.845863,left,26
LIM 6,60,85,87,0.955614,left,28
LIM 6,91,96,118,0.772201,left,28
LIM 6,122,136,139,4.763896,right,18
LIM 6,143,147,159,0.799924,left,17
LIM 6,163,182,190,0.723187,left,28
LIM 6,194,198,212,0.598122,right,19
LIM 6,216,234,240,1.992125,left,25
LIM 6,244,248,262,0.623003,right,19
LIM 6,266,285,293,1.772663,left,28
LIM 6,297,301,313,0.552149,right,17
LIM 6,317,334,344,1.60772,right,28
LIM 6,348,352,367,0.412983,left,20
LIM 6,371,382,398,0.355483,right,28
LIM 6,402,423,429,0.643125,left,28
LIM 6,433,459,460,0.686616,left,28
LIM 6,464,473,488,0.66131,left,25
LIM 6,492,512,519,0.411875,right,28
LIM 6,523,540,550,0.862671,left,28
LIM 6,554,558,581,0.56872,left,28
LIM 6,585,593,612,0.942033,left,28
LIM 6,616,643,643,0.621653,left,28
LIM 6,647,656,660,2.614253,right,14
LIM 6,664,668,688,0.544854,left,25
LIM 6,692,717,719,0.645855,left,28
LIM 6,723,750,750,0.429458,left,28
LIM 6,754,758,770,1.820843,left,17
LIM 6,774,782,801,0.377165,right,28
LIM 6,805,812,832,0.718759,left,28
LIM 6,836,863,863,0.656419,left,28
LIM 6,867,873,886,0.799852,right,20
LIM 6,890,917,917,0.657461,left,28
LIM 6,921,933,948,0.729502,left,28
LIM 6,952,977,979,0.88531,left,28
LIM 6,983,987,994,0.787157,left,12
LIM 6,998,1023,1025,2.591547,left,28
LIM 7,16,26,43,0.420393,right,28
LIM 7,47,56,74,0.81677,left,28
LIM 7,78,82,105,0.390517,right,28
LIM 7,109,115,136,0.67699,left,28
LIM 7,140,167,167,0.368255,left,28
LIM 7,171,175,181,2.388634,left,11
LIM 7,185,189,212,0.577144,left,28
LIM 7,216,230,243,0.717851,left,28
LIM 7,247,251,274,0.528731,left,28
LIM 7,278,296,305,0.914484,left,28
LIM 7,309,313,336,0.500131,left,28
LIM 7,340,353,367,0.874018,left,28
LIM 7,371,381,398,0.399804,right,28
LIM 7,402,420,429,1.014032,left,28
LIM 7,433,440,460,0.395633,right,28
LIM 7,464,479,491,0.820944,left,28
LIM 7,495,499,522,0.347083,right,28
LIM 7,526,536,548,1.748181,left,23
LIM 7,552,560,579,0.3692,right,28
LIM 7,583,591,610,0.658867,left,28
LIM 7,614,618,641,0.398995,right,28
LIM 7,645,656,672,0.698453,left,28
LIM 7,676,680,703,0.4087,right,28
LIM 7,707,719,723,2.7666,left,17
LIM 7,727,736,744,1.05193,left,18
LIM 7,748,752,775,0.342204,right,28
LIM 7,779,784,806,0.349178,right,28
LIM 7,810,814,817,1.51995,right,8
LIM 7,821,827,848,0.337481,right,28
LIM 7,852,874,879,0.328265,right,28
LIM 7,883,906,910,2.282092,left,28
LIM 7,914,922,928,2.150026,left,15
LIM 7,932,950,959,0.360589,right,28
LIM 7,963,984,990,2.79781,left,28
LIM 7,994,998,1017,0.711466,left,24
LIM 7,1021,1043,1048,0.751144,left,28
LIM 7,1052,1058,1078,0.676554,left,27
LIM 7,1082,1106,1109,0.707476,left,28
LIM 7,1113,1120,1129,0.678911,left,17
LIM 7,1133,1140,1160,0.415662,right,28
LIM 7,1164,1170,1173,4.769964,right,10
LIM 7,1177,1181,1192,0.923244,left,16
LIM 7,1196,1223,1223,0.44078,left,28
LIM 7,1227,1231,1235,2.149403,right,9
LIM 7,1239,1244,1248,2.641148,right,10
LIM 7,1252,1261,1279,0.398729,right,28
LIM 7,1283,1293,1297,2.433258,right,15
LIM 7,1301,1305,1312,1.615084,left,12
LIM 7,1316,1321,1343,0.415633,right,28
LIM 7,1347,1355,1361,2.12214,right,15
LIM 7,1365,1369,1379,0.811919,left,15
LIM 7,1383,1410,1410,0.722532,left,28
LIM 7,1414,1429,1433,2.831037,right,20
LIM 7,1437,1441,1452,0.44339,left,16
LIM 7,1459,1477,1485,2.274434,left,27
LIM 7,1489,1493,1498,1.054925,left,10
LIM 7,1502,1506,1529,0.354117,right,28
LIM 7,1533,1547,1553,1.719351,right,21
LIM 7,1557,1561,1584,0.374159,right,28
LIM 7,1588,1607,1615,1.386598,right,28
LIM 7,1619,1623,1646,0.396863,right,28
LIM 7,1650,1669,1673,4.249216,right,24
LIM 7,1677,1681,1704,0.538255,left,28
LIM 7,1708,1723,1735,0.912007,right,28
LIM 7,1739,1743,1766,0.479493,left,28
LIM 7,1770,1796,1797,0.952845,left,28
LIM 7,1801,1808,1828,0.399983,right,28
LIM 7,1832,1856,1859,1.911452,right,28
LIM 7,1863,1867,1890,0.400068,right,28
LIM 7,1894,1899,1903,2.642423,left,10
LIM 7,1907,1918,1924,0.999708,right,18
LIM 7,1928,1955,1955,0.557687,left,28
LIM 7,1959,1974,1980,1.502926,left,22
LIM 7,1984,1989,2011,0.382126,right,28
LIM 7,2015,2020,2042,0.395639,right,28
LIM 7,2046,2055,2059,4.750399,right,14
LIM 7,2063,2068,2072,2.810253,right,10
LIM 7,2076,2080,2103,0.418306,right,28
LIM 7,2107,2116,2120,2.060737,right,14
LIM 8,4,20,31,0.417163,right,28
LIM 8,35,60,62,1.049343,left,28
LIM 8,66,81,93,0.765813,left,28
LIM 8,97,101,124,0.247079,right,28
LIM 8,128,155,155,0.725094,left,28
LIM 8,159,166,186,0.362969,right,28
LIM 8,190,202,208,2.572551,left,19
LIM 8,212,220,227,1.29198,left,16
LIM 8,231,235,258,0.372692,right,28
LIM 8,262,271,289,1.144685,left,28
LIM 8,293,297,320,0.639622,left,28
LIM 8,324,328,338,0.380856,right,15
LIM 8,342,354,369,0.3341,right,28
LIM 8,373,392,400,0.833434,left,28
LIM 8,404,411,431,0.695873,left,28
LIM 8,435,460,462,0.740739,left,28
LIM 8,466,480,493,0.716187,left,28
LIM 8,497,524,524,0.850521,left,28
LIM 8,528,539,554,1.213986,left,27
LIM 8,558,562,585,0.342379,right,28
LIM 8,589,596,616,0.335603,right,28
LIM 8,620,632,647,0.803358,left,28
LIM 8,651,655,664,0.666458,left,14
LIM 8,668,672,695,0.236314,right,28
LIM 8,699,710,726,0.353325,right,28
LIM 8,730,755,757,0.252307,right,28
LIM 8,761,765,788,0.251351,right,28
LIM 8,792,803,819,0.347125,right,28
LIM 8,823,842,850,0.681385,left,28
LIM 8,854,858,881,0.582205,left,28
LIM 8,885,912,912,0.834466,left,28
LIM 8,916,920,942,0.747844,left,27
LIM 8,946,973,973,0.28321,left,28
LIM 8,977,986,1004,1.080318,left,28
LIM 8,1008,1017,1035,0.404989,right,28
LIM 8,1039,1057,1066,0.964098,left,28
LIM 8,1070,1076,1097,0.721751,left,28
LIM 8,1101,1128,1128,0.86666,left,28
LIM 8,1132,1144,1148,4.948537,right,17
LIM 8,1152,1156,1162,0.800705,left,11
LIM 8,1166,1170,1193,0.229141,right,28
LIM 8,1197,1217,1224,0.315148,right,28
LIM 8,1228,1255,1255,0.66004,left,28
LIM 8,1259,1274,1284,0.621725,left,26
LIM 8,1288,1312,1315,0.383644,right,28
LIM 8,1319,1335,1346,0.805054,left,28
LIM 8,1350,1354,1364,0.722505,left,15
LIM 8,1368,1395,1395,0.564285,left,28
LIM 8,1399,1403,1409,2.477674,left,11
LIM 8,1413,1417,1429,1.230389,left,17
LIM 8,1433,1437,1460,0.309197,right,28
LIM 8,1464,1478,1486,1.994113,left,23
LIM 8,1490,1500,1515,0.636883,right,26
LIM 8,1529,1550,1556,5.401268,left,28
LIM 8,1560,1569,1575,2.433315,right,16
LIM 8,1579,1583,1606,0.39109,right,28
LIM 8,1610,1619,1623,2.890111,left,14
LIM 8,1627,1636,1643,2.047246,left,17
LIM 8,1647,1651,1674,0.352264,right,28
LIM 8,1678,1690,1705,1.360672,left,28
LIM 8,1709,1713,1726,0.72239,left,18
LIM 8,1730,1757,1757,0.569973,left,28
LIM 8,1761,1784,1788,0.684625,left,28
LIM 8,1792,1798,1819,0.41754,right,28
LIM 8,1823,1839,1850,0.858657,left,28
LIM 8,1854,1858,1871,0.619399,left,18
LIM 8,1875,1902,1902,2.442058,left,28
LIM 8,1906,1910,1929,1.070421,left,24
LIM 8,1933,1940,1960,0.331383,right,28
