vel_start,dom_ratio,punch_cd,ew_hook,up_vel,wf1,acc,fp
0.018,1.05,6,0.26,0.09,0.4414,0.4516,45
0.018,1.05,6,0.26,0.11,0.4414,0.4516,45
0.018,1.05,6,0.26,0.12,0.4414,0.4516,45
0.018,1.05,6,0.26,0.14,0.4414,0.4516,45
0.018,1.1,6,0.26,0.09,0.4414,0.4516,40
0.018,1.1,6,0.26,0.11,0.4414,0.4516,40
0.018,1.1,6,0.26,0.12,0.4414,0.4516,40
0.018,1.1,6,0.26,0.14,0.4414,0.4516,40
0.018,1.15,6,0.26,0.09,0.4414,0.4516,39
0.018,1.15,6,0.26,0.11,0.4414,0.4516,39
0.018,1.15,6,0.26,0.12,0.4414,0.4516,39
0.018,1.15,6,0.26,0.14,0.4414,0.4516,39
0.022,1.15,8,0.26,0.09,0.4384,0.4409,24
0.022,1.15,8,0.26,0.11,0.4384,0.4409,24
0.022,1.15,8,0.26,0.12,0.4384,0.4409,24
0.022,1.15,8,0.26,0.14,0.4384,0.4409,24
0.022,1.15,8,0.35,0.11,0.4358,0.4301,25
0.022,1.15,8,0.35,0.12,0.4358,0.4301,25
0.022,1.15,8,0.35,0.14,0.4358,0.4301,25
0.018,1.05,6,0.28,0.09,0.433,0.4409,45
0.018,1.05,6,0.28,0.11,0.433,0.4409,45
0.018,1.05,6,0.28,0.12,0.433,0.4409,45
0.018,1.05,6,0.28,0.14,0.433,0.4409,45
0.018,1.1,6,0.28,0.09,0.433,0.4409,40
0.018,1.1,6,0.28,0.11,0.433,0.4409,40
0.018,1.1,6,0.28,0.12,0.433,0.4409,40
0.018,1.1,6,0.28,0.14,0.433,0.4409,40
0.018,1.15,6,0.28,0.09,0.433,0.4409,39
0.018,1.15,6,0.28,0.11,0.433,0.4409,39
0.018,1.15,6,0.28,0.12,0.433,0.4409,39
0.018,1.15,6,0.28,0.14,0.433,0.4409,39
0.022,1.15,8,0.35,0.09,0.4321,0.4301,25
0.022,1.15,8,0.28,0.09,0.4309,0.4301,24
0.022,1.15,8,0.28,0.11,0.4309,0.4301,24
0.022,1.15,8,0.28,0.12,0.4309,0.4301,24
0.022,1.15,8,0.28,0.14,0.4309,0.4301,24
0.022,1.15,8,0.3,0.09,0.4309,0.4301,24
0.022,1.15,8,0.3,0.11,0.4309,0.4301,24
0.022,1.15,8,0.3,0.12,0.4309,0.4301,24
0.022,1.15,8,0.3,0.14,0.4309,0.4301,24
0.022,1.15,8,0.32,0.09,0.4309,0.4301,24
0.022,1.15,8,0.32,0.11,0.4309,0.4301,24
0.022,1.15,8,0.32,0.12,0.4309,0.4301,24
0.022,1.15,8,0.32,0.14,0.4309,0.4301,24
0.018,1.0,6,0.26,0.14,0.4278,0.4516,49
0.022,1.15,6,0.26,0.09,0.4277,0.4409,31
0.022,1.15,6,0.26,0.11,0.4277,0.4409,31
0.022,1.15,6,0.26,0.12,0.4277,0.4409,31
0.022,1.15,6,0.26,0.14,0.4277,0.4409,31
0.025,1.15,8,0.35,0.11,0.4276,0.4194,21
0.025,1.15,8,0.35,0.12,0.4276,0.4194,21
0.025,1.15,8,0.35,0.14,0.4276,0.4194,21
0.022,1.1,8,0.35,0.11,0.4271,0.4301,27
0.022,1.1,8,0.35,0.12,0.4271,0.4301,27
0.022,1.1,8,0.35,0.14,0.4271,0.4301,27
0.022,1.15,10,0.26,0.09,0.4269,0.4086,17
0.022,1.15,10,0.26,0.11,0.4269,0.4086,17
0.022,1.15,10,0.26,0.12,0.4269,0.4086,17
0.022,1.15,10,0.26,0.14,0.4269,0.4086,17
0.025,1.15,8,0.26,0.09,0.4251,0.4194,20
0.025,1.15,8,0.26,0.11,0.4251,0.4194,20
0.025,1.15,8,0.26,0.12,0.4251,0.4194,20
0.025,1.15,8,0.26,0.14,0.4251,0.4194,20
0.025,1.15,8,0.28,0.09,0.4251,0.4194,20
0.025,1.15,8,0.28,0.11,0.4251,0.4194,20
0.025,1.15,8,0.28,0.12,0.4251,0.4194,20
0.025,1.15,8,0.28,0.14,0.4251,0.4194,20
0.025,1.15,8,0.3,0.09,0.4251,0.4194,20
0.025,1.15,8,0.3,0.11,0.4251,0.4194,20
0.025,1.15,8,0.3,0.12,0.4251,0.4194,20
0.025,1.15,8,0.3,0.14,0.4251,0.4194,20
0.025,1.15,8,0.32,0.09,0.4251,0.4194,20
0.025,1.15,8,0.32,0.11,0.4251,0.4194,20
0.025,1.15,8,0.32,0.12,0.4251,0.4194,20
0.025,1.15,8,0.32,0.14,0.4251,0.4194,20
0.022,1.15,6,0.35,0.11,0.425,0.4301,33
0.022,1.15,6,0.35,0.12,0.425,0.4301,33
0.022,1.15,6,0.35,0.14,0.425,0.4301,33
0.018,1.05,6,0.3,0.09,0.4244,0.4301,45
0.018,1.05,6,0.3,0.11,0.4244,0.4301,45
0.018,1.05,6,0.3,0.12,0.4244,0.4301,45
0.018,1.05,6,0.3,0.14,0.4244,0.4301,45
0.018,1.1,6,0.3,0.09,0.4244,0.4301,40
0.018,1.1,6,0.3,0.11,0.4244,0.4301,40
0.018,1.1,6,0.3,0.12,0.4244,0.4301,40
0.018,1.1,6,0.3,0.14,0.4244,0.4301,40
0.018,1.15,6,0.3,0.09,0.4244,0.4301,39
0.018,1.15,6,0.3,0.11,0.4244,0.4301,39
0.018,1.15,6,0.3,0.12,0.4244,0.4301,39
0.018,1.15,6,0.3,0.14,0.4244,0.4301,39
0.025,1.15,8,0.35,0.09,0.4242,0.4194,21
0.022,1.1,8,0.35,0.09,0.4237,0.4301,27
0.022,1.15,6,0.32,0.09,0.4227,0.4301,33
0.022,1.15,6,0.32,0.11,0.4227,0.4301,33
0.022,1.15,6,0.32,0.12,0.4227,0.4301,33
0.022,1.15,6,0.32,0.14,0.4227,0.4301,33
0.022,1.1,8,0.26,0.09,0.4225,0.4301,26
0.022,1.1,8,0.26,0.11,0.4225,0.4301,26
0.022,1.1,8,0.26,0.12,0.4225,0.4301,26
0.022,1.1,8,0.26,0.14,0.4225,0.4301,26
0.022,1.1,8,0.28,0.09,0.4225,0.4301,26
0.022,1.1,8,0.28,0.11,0.4225,0.4301,26
0.022,1.1,8,0.28,0.12,0.4225,0.4301,26
0.022,1.1,8,0.28,0.14,0.4225,0.4301,26
0.022,1.1,8,0.3,0.09,0.4225,0.4301,26
0.022,1.1,8,0.3,0.11,0.4225,0.4301,26
0.022,1.1,8,0.3,0.12,0.4225,0.4301,26
0.022,1.1,8,0.3,0.14,0.4225,0.4301,26
0.022,1.1,8,0.32,0.09,0.4225,0.4301,26
0.022,1.1,8,0.32,0.11,0.4225,0.4301,26
0.022,1.1,8,0.32,0.12,0.4225,0.4301,26
0.022,1.1,8,0.32,0.14,0.4225,0.4301,26
0.025,1.15,6,0.35,0.11,0.4216,0.4194,26
0.025,1.15,6,0.35,0.12,0.4216,0.4194,26
0.025,1.15,6,0.35,0.14,0.4216,0.4194,26
0.022,1.15,6,0.35,0.09,0.4214,0.4301,33
0.022,1.15,10,0.35,0.11,0.4212,0.3978,18
0.022,1.15,10,0.35,0.12,0.4212,0.3978,18
0.022,1.15,10,0.35,0.14,0.4212,0.3978,18
0.018,1.0,6,0.28,0.14,0.4205,0.4409,49
0.022,1.05,8,0.35,0.11,0.4205,0.4301,27
0.022,1.05,8,0.35,0.12,0.4205,0.4301,27
0.022,1.05,8,0.35,0.14,0.4205,0.4301,27
0.022,1.15,6,0.28,0.09,0.4204,0.4301,31
0.022,1.15,6,0.28,0.11,0.4204,0.4301,31
0.022,1.15,6,0.28,0.12,0.4204,0.4301,31
0.022,1.15,6,0.28,0.14,0.4204,0.4301,31
0.022,1.15,6,0.3,0.09,0.4204,0.4301,32
0.022,1.15,6,0.3,0.11,0.4204,0.4301,32
0.022,1.15,6,0.3,0.12,0.4204,0.4301,32
0.022,1.15,6,0.3,0.14,0.4204,0.4301,32
0.025,1.15,6,0.26,0.09,0.419,0.4194,25
0.025,1.15,6,0.26,0.11,0.419,0.4194,25
0.025,1.15,6,0.26,0.12,0.419,0.4194,25
0.025,1.15,6,0.26,0.14,0.419,0.4194,25
0.025,1.15,6,0.28,0.09,0.419,0.4194,25
0.025,1.15,6,0.28,0.11,0.419,0.4194,25
0.025,1.15,6,0.28,0.12,0.419,0.4194,25
0.025,1.15,6,0.28,0.14,0.419,0.4194,25
0.025,1.15,6,0.3,0.09,0.419,0.4194,25
0.025,1.15,6,0.3,0.11,0.419,0.4194,25
0.025,1.15,6,0.3,0.12,0.419,0.4194,25
0.025,1.15,6,0.3,0.14,0.419,0.4194,25
0.025,1.15,6,0.32,0.09,0.419,0.4194,25
0.025,1.15,6,0.32,0.11,0.419,0.4194,25
0.025,1.15,6,0.32,0.12,0.419,0.4194,25
0.025,1.15,6,0.32,0.14,0.419,0.4194,25
0.022,1.1,6,0.35,0.11,0.4188,0.4301,35
0.022,1.1,6,0.35,0.12,0.4188,0.4301,35
0.022,1.1,6,0.35,0.14,0.4188,0.4301,35
0.022,1.15,10,0.35,0.09,0.4186,0.3978,18
0.02,1.1,6,0.26,0.09,0.4185,0.4194,34
0.02,1.1,6,0.26,0.11,0.4185,0.4194,34
0.02,1.1,6,0.26,0.12,0.4185,0.4194,34
0.02,1.1,6,0.26,0.14,0.4185,0.4194,34
0.02,1.15,6,0.26,0.09,0.4185,0.4194,33
0.02,1.15,6,0.26,0.11,0.4185,0.4194,33
0.02,1.15,6,0.26,0.12,0.4185,0.4194,33
0.02,1.15,6,0.26,0.14,0.4185,0.4194,33
0.025,1.15,6,0.35,0.09,0.4181,0.4194,26
0.022,1.0,8,0.35,0.14,0.418,0.4301,27
0.025,1.15,10,0.26,0.09,0.4177,0.3978,15
0.025,1.15,10,0.26,0.11,0.4177,0.3978,15
0.025,1.15,10,0.26,0.12,0.4177,0.3978,15
0.025,1.15,10,0.26,0.14,0.4177,0.3978,15
0.018,1.0,6,0.26,0.09,0.4176,0.4409,49
0.018,1.0,6,0.26,0.11,0.4176,0.4409,49
0.018,1.0,6,0.26,0.12,0.4176,0.4409,49
0.022,1.15,10,0.28,0.09,0.4176,0.3978,17
0.022,1.15,10,0.28,0.11,0.4176,0.3978,17
0.022,1.15,10,0.28,0.12,0.4176,0.3978,17
0.022,1.15,10,0.28,0.14,0.4176,0.3978,17
0.022,1.15,10,0.3,0.09,0.4176,0.3978,17
0.022,1.15,10,0.3,0.11,0.4176,0.3978,17
0.022,1.15,10,0.3,0.12,0.4176,0.3978,17
0.022,1.15,10,0.3,0.14,0.4176,0.3978,17
0.022,1.15,10,0.32,0.09,0.4176,0.3978,17
0.022,1.15,10,0.32,0.11,0.4176,0.3978,17
0.022,1.15,10,0.32,0.12,0.4176,0.3978,17
0.022,1.15,10,0.32,0.14,0.4176,0.3978,17
0.025,1.15,10,0.35,0.11,0.4175,0.3978,16
0.025,1.15,10,0.35,0.12,0.4175,0.3978,16
0.025,1.15,10,0.35,0.14,0.4175,0.3978,16
0.022,1.05,8,0.35,0.09,0.4171,0.4301,27
0.022,1.1,6,0.32,0.09,0.4165,0.4301,35
0.022,1.1,6,0.32,0.11,0.4165,0.4301,35
0.022,1.1,6,0.32,0.12,0.4165,0.4301,35
0.022,1.1,6,0.32,0.14,0.4165,0.4301,35
0.025,1.0,8,0.35,0.14,0.4164,0.4194,23
0.025,1.15,10,0.28,0.09,0.4162,0.3978,15
0.025,1.15,10,0.28,0.11,0.4162,0.3978,15
0.025,1.15,10,0.28,0.12,0.4162,0.3978,15
0.025,1.15,10,0.28,0.14,0.4162,0.3978,15
0.025,1.15,10,0.3,0.09,0.4162,0.3978,15
0.025,1.15,10,0.3,0.11,0.4162,0.3978,15
0.025,1.15,10,0.3,0.12,0.4162,0.3978,15
0.025,1.15,10,0.3,0.14,0.4162,0.3978,15
0.025,1.15,10,0.32,0.09,0.4162,0.3978,15
0.025,1.15,10,0.32,0.11,0.4162,0.3978,15
0.025,1.15,10,0.32,0.12,0.4162,0.3978,15
0.025,1.15,10,0.32,0.14,0.4162,0.3978,15
0.022,1.05,8,0.26,0.09,0.4156,0.4301,26
0.022,1.05,8,0.26,0.11,0.4156,0.4301,26
0.022,1.05,8,0.26,0.12,0.4156,0.4301,26
0.022,1.05,8,0.26,0.14,0.4156,0.4301,26
0.022,1.05,8,0.28,0.09,0.4156,0.4301,26
0.022,1.05,8,0.28,0.11,0.4156,0.4301,26
0.022,1.05,8,0.28,0.12,0.4156,0.4301,26
0.022,1.05,8,0.28,0.14,0.4156,0.4301,26
0.022,1.05,8,0.3,0.09,0.4156,0.4301,26
0.022,1.05,8,0.3,0.11,0.4156,0.4301,26
0.022,1.05,8,0.3,0.12,0.4156,0.4301,26
0.022,1.05,8,0.3,0.14,0.4156,0.4301,26
0.022,1.05,8,0.32,0.09,0.4156,0.4301,26
0.022,1.05,8,0.32,0.11,0.4156,0.4301,26
0.022,1.05,8,0.32,0.12,0.4156,0.4301,26
0.022,1.05,8,0.32,0.14,0.4156,0.4301,26
0.018,1.05,6,0.32,0.09,0.4154,0.4194,45
0.018,1.05,6,0.32,0.11,0.4154,0.4194,45
0.018,1.05,6,0.32,0.12,0.4154,0.4194,45
0.018,1.05,6,0.32,0.14,0.4154,0.4194,45
0.018,1.05,6,0.35,0.09,0.4154,0.4194,45
0.018,1.05,6,0.35,0.11,0.4154,0.4194,45
0.018,1.05,6,0.35,0.12,0.4154,0.4194,45
0.018,1.05,6,0.35,0.14,0.4154,0.4194,45
0.018,1.1,6,0.32,0.09,0.4154,0.4194,40
0.018,1.1,6,0.32,0.11,0.4154,0.4194,40
0.018,1.1,6,0.32,0.12,0.4154,0.4194,40
0.018,1.1,6,0.32,0.14,0.4154,0.4194,40
0.018,1.1,6,0.35,0.09,0.4154,0.4194,40
0.018,1.1,6,0.35,0.11,0.4154,0.4194,40
0.018,1.1,6,0.35,0.12,0.4154,0.4194,40
0.018,1.1,6,0.35,0.14,0.4154,0.4194,40
0.018,1.15,6,0.32,0.09,0.4154,0.4194,39
0.018,1.15,6,0.32,0.11,0.4154,0.4194,39
0.018,1.15,6,0.32,0.12,0.4154,0.4194,39
0.018,1.15,6,0.32,0.14,0.4154,0.4194,39
0.018,1.15,6,0.35,0.09,0.4154,0.4194,39
0.018,1.15,6,0.35,0.11,0.4154,0.4194,39
0.018,1.15,6,0.35,0.12,0.4154,0.4194,39
0.018,1.15,6,0.35,0.14,0.4154,0.4194,39
0.022,1.1,6,0.35,0.09,0.4153,0.4301,35
0.025,1.15,10,0.35,0.09,0.4151,0.3978,16
0.02,1.05,6,0.26,0.09,0.4147,0.4194,38
0.02,1.05,6,0.26,0.11,0.4147,0.4194,38
0.02,1.05,6,0.26,0.12,0.4147,0.4194,38
0.02,1.05,6,0.26,0.14,0.4147,0.4194,38
0.022,1.1,6,0.26,0.09,0.4142,0.4301,33
0.022,1.1,6,0.26,0.11,0.4142,0.4301,33
0.022,1.1,6,0.26,0.12,0.4142,0.4301,33
0.022,1.1,6,0.26,0.14,0.4142,0.4301,33
0.022,1.1,6,0.28,0.09,0.4142,0.4301,33
0.022,1.1,6,0.28,0.11,0.4142,0.4301,33
0.022,1.1,6,0.28,0.12,0.4142,0.4301,33
0.022,1.1,6,0.28,0.14,0.4142,0.4301,33
0.022,1.1,6,0.3,0.09,0.4142,0.4301,34
0.022,1.1,6,0.3,0.11,0.4142,0.4301,34
0.022,1.1,6,0.3,0.12,0.4142,0.4301,34
0.022,1.1,6,0.3,0.14,0.4142,0.4301,34
0.025,1.0,8,0.26,0.14,0.4139,0.4194,22
0.025,1.0,8,0.28,0.14,0.4139,0.4194,22
0.025,1.0,8,0.3,0.14,0.4139,0.4194,22
0.025,1.0,8,0.32,0.14,0.4139,0.4194,22
0.022,1.0,8,0.26,0.14,0.4132,0.4301,26
0.022,1.0,8,0.28,0.14,0.4132,0.4301,26
0.022,1.0,8,0.3,0.14,0.4132,0.4301,26
0.022,1.0,8,0.32,0.14,0.4132,0.4301,26
0.025,1.1,8,0.35,0.11,0.4132,0.4086,22
0.025,1.1,8,0.35,0.12,0.4132,0.4086,22
0.025,1.1,8,0.35,0.14,0.4132,0.4086,22
0.018,1.0,6,0.3,0.14,0.413,0.4301,49
0.022,1.05,6,0.35,0.11,0.413,0.4301,36
0.022,1.05,6,0.35,0.12,0.413,0.4301,36
0.022,1.05,6,0.35,0.14,0.413,0.4301,36
0.022,1.1,10,0.35,0.11,0.4128,0.3978,20
0.022,1.1,10,0.35,0.12,0.4128,0.3978,20
0.022,1.1,10,0.35,0.14,0.4128,0.3978,20
0.025,1.1,8,0.26,0.09,0.4107,0.4086,21
0.025,1.1,8,0.26,0.11,0.4107,0.4086,21
0.025,1.1,8,0.26,0.12,0.4107,0.4086,21
0.025,1.1,8,0.26,0.14,0.4107,0.4086,21
0.025,1.1,8,0.28,0.09,0.4107,0.4086,21
0.025,1.1,8,0.28,0.11,0.4107,0.4086,21
0.025,1.1,8,0.28,0.12,0.4107,0.4086,21
0.025,1.1,8,0.28,0.14,0.4107,0.4086,21
0.025,1.1,8,0.3,0.09,0.4107,0.4086,21
0.025,1.1,8,0.3,0.11,0.4107,0.4086,21
0.025,1.1,8,0.3,0.12,0.4107,0.4086,21
0.025,1.1,8,0.3,0.14,0.4107,0.4086,21
0.025,1.1,8,0.32,0.09,0.4107,0.4086,21
0.025,1.1,8,0.32,0.11,0.4107,0.4086,21
0.025,1.1,8,0.32,0.12,0.4107,0.4086,21
0.025,1.1,8,0.32,0.14,0.4107,0.4086,21
0.022,1.05,6,0.32,0.09,0.4106,0.4301,36
0.022,1.05,6,0.32,0.11,0.4106,0.4301,36
0.022,1.05,6,0.32,0.12,0.4106,0.4301,36
0.022,1.05,6,0.32,0.14,0.4106,0.4301,36
0.022,1.0,6,0.35,0.14,0.4105,0.4301,38
0.022,1.1,10,0.35,0.09,0.4105,0.3978,20
0.025,1.05,8,0.35,0.11,0.4101,0.4086,22
0.025,1.05,8,0.35,0.12,0.4101,0.4086,22
0.025,1.05,8,0.35,0.14,0.4101,0.4086,22
0.018,1.0,6,0.28,0.09,0.41,0.4301,49
0.018,1.0,6,0.28,0.11,0.41,0.4301,49
0.018,1.0,6,0.28,0.12,0.41,0.4301,49
0.025,1.1,8,0.35,0.09,0.4099,0.4086,22
0.02,1.1,6,0.28,0.09,0.4098,0.4086,34
0.02,1.1,6,0.28,0.11,0.4098,0.4086,34
0.02,1.1,6,0.28,0.12,0.4098,0.4086,34
0.02,1.1,6,0.28,0.14,0.4098,0.4086,34
0.02,1.15,6,0.28,0.09,0.4098,0.4086,33
0.02,1.15,6,0.28,0.11,0.4098,0.4086,33
0.02,1.15,6,0.28,0.12,0.4098,0.4086,33
0.02,1.15,6,0.28,0.14,0.4098,0.4086,33
0.022,1.1,10,0.26,0.09,0.4096,0.3978,19
0.022,1.1,10,0.26,0.11,0.4096,0.3978,19
0.022,1.1,10,0.26,0.12,0.4096,0.3978,19
0.022,1.1,10,0.26,0.14,0.4096,0.3978,19
0.022,1.1,10,0.28,0.09,0.4096,0.3978,19
0.022,1.1,10,0.28,0.11,0.4096,0.3978,19
0.022,1.1,10,0.28,0.12,0.4096,0.3978,19
0.022,1.1,10,0.28,0.14,0.4096,0.3978,19
0.022,1.1,10,0.3,0.09,0.4096,0.3978,19
0.022,1.1,10,0.3,0.11,0.4096,0.3978,19
0.022,1.1,10,0.3,0.12,0.4096,0.3978,19
0.022,1.1,10,0.3,0.14,0.4096,0.3978,19
0.022,1.1,10,0.32,0.09,0.4096,0.3978,19
0.022,1.1,10,0.32,0.11,0.4096,0.3978,19
0.022,1.1,10,0.32,0.12,0.4096,0.3978,19
0.022,1.1,10,0.32,0.14,0.4096,0.3978,19
0.022,1.05,6,0.35,0.09,0.4095,0.4301,36
0.022,1.05,6,0.26,0.09,0.4083,0.4301,34
0.022,1.05,6,0.26,0.11,0.4083,0.4301,34
0.022,1.05,6,0.26,0.12,0.4083,0.4301,34
0.022,1.05,6,0.26,0.14,0.4083,0.4301,34
0.022,1.05,6,0.28,0.09,0.4083,0.4301,34
0.022,1.05,6,0.28,0.11,0.4083,0.4301,34
0.022,1.05,6,0.28,0.12,0.4083,0.4301,34
0.022,1.05,6,0.28,0.14,0.4083,0.4301,34
0.022,1.05,6,0.3,0.09,0.4083,0.4301,35
0.022,1.05,6,0.3,0.11,0.4083,0.4301,35
0.022,1.05,6,0.3,0.12,0.4083,0.4301,35
0.022,1.05,6,0.3,0.14,0.4083,0.4301,35
0.022,1.0,6,0.32,0.14,0.4081,0.4301,38
0.025,1.05,8,0.26,0.09,0.4076,0.4086,21
0.025,1.05,8,0.26,0.11,0.4076,0.4086,21
0.025,1.05,8,0.26,0.12,0.4076,0.4086,21
0.025,1.05,8,0.26,0.14,0.4076,0.4086,21
0.025,1.05,8,0.28,0.09,0.4076,0.4086,21
0.025,1.05,8,0.28,0.11,0.4076,0.4086,21
0.025,1.05,8,0.28,0.12,0.4076,0.4086,21
0.025,1.05,8,0.28,0.14,0.4076,0.4086,21
0.025,1.05,8,0.3,0.09,0.4076,0.4086,21
0.025,1.05,8,0.3,0.11,0.4076,0.4086,21
0.025,1.05,8,0.3,0.12,0.4076,0.4086,21
0.025,1.05,8,0.3,0.14,0.4076,0.4086,21
0.025,1.05,8,0.32,0.09,0.4076,0.4086,21
0.025,1.05,8,0.32,0.11,0.4076,0.4086,21
0.025,1.05,8,0.32,0.12,0.4076,0.4086,21
0.025,1.05,8,0.32,0.14,0.4076,0.4086,21
0.022,1.0,8,0.35,0.11,0.4074,0.4194,27
0.022,1.0,8,0.35,0.12,0.4074,0.4194,27
0.025,1.05,8,0.35,0.09,0.4068,0.4086,22
0.02,1.05,6,0.28,0.09,0.4063,0.4086,38
0.02,1.05,6,0.28,0.11,0.4063,0.4086,38
0.02,1.05,6,0.28,0.12,0.4063,0.4086,38
0.02,1.05,6,0.28,0.14,0.4063,0.4086,38
0.022,1.0,6,0.26,0.14,0.4058,0.4301,36
0.022,1.0,6,0.28,0.14,0.4058,0.4301,36
0.022,1.0,6,0.3,0.14,0.4058,0.4301,37
0.022,1.1,12,0.26,0.09,0.4058,0.3871,12
0.022,1.1,12,0.26,0.11,0.4058,0.3871,12
0.022,1.1,12,0.26,0.12,0.4058,0.3871,12
0.022,1.1,12,0.26,0.14,0.4058,0.3871,12
0.022,1.15,12,0.26,0.09,0.4058,0.3871,12
0.022,1.15,12,0.26,0.11,0.4058,0.3871,12
0.022,1.15,12,0.26,0.12,0.4058,0.3871,12
0.022,1.15,12,0.26,0.14,0.4058,0.3871,12
0.02,1.1,8,0.26,0.09,0.4057,0.3978,27
0.02,1.1,8,0.26,0.11,0.4057,0.3978,27
0.02,1.1,8,0.26,0.12,0.4057,0.3978,27
0.02,1.1,8,0.26,0.14,0.4057,0.3978,27
0.02,1.15,8,0.26,0.09,0.4057,0.3978,26
0.02,1.15,8,0.26,0.11,0.4057,0.3978,26
0.02,1.15,8,0.26,0.12,0.4057,0.3978,26
0.02,1.15,8,0.26,0.14,0.4057,0.3978,26
0.025,1.0,6,0.35,0.14,0.4054,0.4194,30
0.025,1.0,8,0.35,0.11,0.4053,0.4086,23
0.025,1.0,8,0.35,0.12,0.4053,0.4086,23
0.018,1.0,6,0.32,0.14,0.4051,0.4194,49
0.018,1.0,6,0.35,0.14,0.4051,0.4194,49
0.025,1.1,6,0.35,0.11,0.4047,0.4086,27
0.025,1.1,6,0.35,0.12,0.4047,0.4086,27
0.025,1.1,6,0.35,0.14,0.4047,0.4086,27
0.022,1.0,8,0.35,0.09,0.4041,0.4194,27
0.025,1.0,6,0.26,0.14,0.4029,0.4194,29
0.025,1.0,6,0.28,0.14,0.4029,0.4194,29
0.025,1.0,6,0.3,0.14,0.4029,0.4194,29
0.025,1.0,6,0.32,0.14,0.4029,0.4194,29
0.025,1.0,8,0.26,0.09,0.4028,0.4086,22
0.025,1.0,8,0.26,0.11,0.4028,0.4086,22
0.025,1.0,8,0.26,0.12,0.4028,0.4086,22
0.025,1.0,8,0.28,0.09,0.4028,0.4086,22
0.025,1.0,8,0.28,0.11,0.4028,0.4086,22
0.025,1.0,8,0.28,0.12,0.4028,0.4086,22
0.025,1.0,8,0.3,0.09,0.4028,0.4086,22
0.025,1.0,8,0.3,0.11,0.4028,0.4086,22
0.025,1.0,8,0.3,0.12,0.4028,0.4086,22
0.025,1.0,8,0.32,0.09,0.4028,0.4086,22
0.025,1.0,8,0.32,0.11,0.4028,0.4086,22
0.025,1.0,8,0.32,0.12,0.4028,0.4086,22
0.022,1.0,8,0.26,0.09,0.4026,0.4194,26
0.022,1.0,8,0.26,0.11,0.4026,0.4194,26
0.022,1.0,8,0.26,0.12,0.4026,0.4194,26
0.022,1.0,8,0.28,0.09,0.4026,0.4194,26
0.022,1.0,8,0.28,0.11,0.4026,0.4194,26
0.022,1.0,8,0.28,0.12,0.4026,0.4194,26
0.022,1.0,8,0.3,0.09,0.4026,0.4194,26
0.022,1.0,8,0.3,0.11,0.4026,0.4194,26
0.022,1.0,8,0.3,0.12,0.4026,0.4194,26
0.022,1.0,8,0.32,0.09,0.4026,0.4194,26
0.022,1.0,8,0.32,0.11,0.4026,0.4194,26
0.022,1.0,8,0.32,0.12,0.4026,0.4194,26
0.02,1.1,6,0.32,0.09,0.4024,0.3978,35
0.02,1.1,6,0.32,0.11,0.4024,0.3978,35
0.02,1.1,6,0.32,0.12,0.4024,0.3978,35
0.02,1.1,6,0.32,0.14,0.4024,0.3978,35
0.02,1.1,6,0.35,0.09,0.4024,0.3978,35
0.02,1.1,6,0.35,0.11,0.4024,0.3978,35
0.02,1.1,6,0.35,0.12,0.4024,0.3978,35
0.02,1.1,6,0.35,0.14,0.4024,0.3978,35
0.02,1.15,6,0.32,0.09,0.4024,0.3978,34
0.02,1.15,6,0.32,0.11,0.4024,0.3978,34
0.02,1.15,6,0.32,0.12,0.4024,0.3978,34
0.02,1.15,6,0.32,0.14,0.4024,0.3978,34
0.02,1.15,6,0.35,0.09,0.4024,0.3978,34
0.02,1.15,6,0.35,0.11,0.4024,0.3978,34
0.02,1.15,6,0.35,0.12,0.4024,0.3978,34
0.02,1.15,6,0.35,0.14,0.4024,0.3978,34
0.025,1.0,8,0.35,0.09,0.4023,0.4086,23
0.025,1.1,6,0.26,0.09,0.4023,0.4086,26
0.025,1.1,6,0.26,0.11,0.4023,0.4086,26
0.025,1.1,6,0.26,0.12,0.4023,0.4086,26
0.025,1.1,6,0.26,0.14,0.4023,0.4086,26
0.025,1.1,6,0.28,0.09,0.4023,0.4086,26
0.025,1.1,6,0.28,0.11,0.4023,0.4086,26
0.025,1.1,6,0.28,0.12,0.4023,0.4086,26
0.025,1.1,6,0.28,0.14,0.4023,0.4086,26
0.025,1.1,6,0.3,0.09,0.4023,0.4086,26
0.025,1.1,6,0.3,0.11,0.4023,0.4086,26
0.025,1.1,6,0.3,0.12,0.4023,0.4086,26
0.025,1.1,6,0.3,0.14,0.4023,0.4086,26
0.025,1.1,6,0.32,0.09,0.4023,0.4086,26
0.025,1.1,6,0.32,0.11,0.4023,0.4086,26
0.025,1.1,6,0.32,0.12,0.4023,0.4086,26
0.025,1.1,6,0.32,0.14,0.4023,0.4086,26
0.02,1.0,6,0.26,0.14,0.4022,0.4194,42
0.018,1.0,6,0.3,0.09,0.4021,0.4194,49
0.018,1.0,6,0.3,0.11,0.4021,0.4194,49
0.018,1.0,6,0.3,0.12,0.4021,0.4194,49
0.02,1.05,8,0.26,0.09,0.4021,0.3978,30
0.02,1.05,8,0.26,0.11,0.4021,0.3978,30
0.02,1.05,8,0.26,0.12,0.4021,0.3978,30
0.02,1.05,8,0.26,0.14,0.4021,0.3978,30
0.02,1.1,10,0.35,0.09,0.4019,0.3871,21
0.02,1.1,10,0.35,0.11,0.4019,0.3871,21
0.02,1.1,10,0.35,0.12,0.4019,0.3871,21
0.02,1.1,10,0.35,0.14,0.4019,0.3871,21
0.025,1.05,6,0.35,0.11,0.4018,0.4086,28
0.025,1.05,6,0.35,0.12,0.4018,0.4086,28
0.025,1.05,6,0.35,0.14,0.4018,0.4086,28
0.025,1.1,10,0.26,0.09,0.4018,0.3871,16
0.025,1.1,10,0.26,0.11,0.4018,0.3871,16
0.025,1.1,10,0.26,0.12,0.4018,0.3871,16
0.025,1.1,10,0.26,0.14,0.4018,0.3871,16
0.025,1.1,10,0.35,0.11,0.4015,0.3871,17
0.025,1.1,10,0.35,0.12,0.4015,0.3871,17
0.025,1.1,10,0.35,0.14,0.4015,0.3871,17
0.025,1.1,6,0.35,0.09,0.4014,0.4086,27
0.02,1.0,8,0.26,0.14,0.4009,0.4086,32
0.02,1.1,6,0.3,0.09,0.4009,0.3978,34
0.02,1.1,6,0.3,0.11,0.4009,0.3978,34
0.02,1.1,6,0.3,0.12,0.4009,0.3978,34
0.02,1.1,6,0.3,0.14,0.4009,0.3978,34
0.02,1.15,6,0.3,0.09,0.4009,0.3978,33
0.02,1.15,6,0.3,0.11,0.4009,0.3978,33
0.02,1.15,6,0.3,0.12,0.4009,0.3978,33
0.02,1.15,6,0.3,0.14,0.4009,0.3978,33
0.025,1.1,10,0.28,0.09,0.4004,0.3871,16
0.025,1.1,10,0.28,0.11,0.4004,0.3871,16
0.025,1.1,10,0.28,0.12,0.4004,0.3871,16
0.025,1.1,10,0.28,0.14,0.4004,0.3871,16
0.025,1.1,10,0.3,0.09,0.4004,0.3871,16
0.025,1.1,10,0.3,0.11,0.4004,0.3871,16
0.025,1.1,10,0.3,0.12,0.4004,0.3871,16
0.025,1.1,10,0.3,0.14,0.4004,0.3871,16
0.025,1.1,10,0.32,0.09,0.4004,0.3871,16
0.025,1.1,10,0.32,0.11,0.4004,0.3871,16
0.025,1.1,10,0.32,0.12,0.4004,0.3871,16
0.025,1.1,10,0.32,0.14,0.4004,0.3871,16
0.02,1.1,10,0.26,0.09,0.4003,0.3871,20
0.02,1.1,10,0.26,0.11,0.4003,0.3871,20
0.02,1.1,10,0.26,0.12,0.4003,0.3871,20
0.02,1.1,10,0.26,0.14,0.4003,0.3871,20
0.02,1.1,10,0.28,0.09,0.4003,0.3871,20
0.02,1.1,10,0.28,0.11,0.4003,0.3871,20
0.02,1.1,10,0.28,0.12,0.4003,0.3871,20
0.02,1.1,10,0.28,0.14,0.4003,0.3871,20
0.02,1.1,10,0.3,0.09,0.4003,0.3871,20
0.02,1.1,10,0.3,0.11,0.4003,0.3871,20
0.02,1.1,10,0.3,0.12,0.4003,0.3871,20
0.02,1.1,10,0.3,0.14,0.4003,0.3871,20
0.02,1.1,10,0.32,0.09,0.4003,0.3871,20
0.02,1.1,10,0.32,0.11,0.4003,0.3871,20
0.02,1.1,10,0.32,0.12,0.4003,0.3871,20
0.02,1.1,10,0.32,0.14,0.4003,0.3871,20
0.02,1.15,10,0.26,0.09,0.4003,0.3871,18
0.02,1.15,10,0.26,0.11,0.4003,0.3871,18
0.02,1.15,10,0.26,0.12,0.4003,0.3871,18
0.02,1.15,10,0.26,0.14,0.4003,0.3871,18
0.022,1.0,6,0.35,0.11,0.4,0.4194,38
0.022,1.0,6,0.35,0.12,0.4,0.4194,38
0.025,1.1,10,0.35,0.09,0.3995,0.3871,17
0.025,1.05,6,0.26,0.09,0.3994,0.4086,27
0.025,1.05,6,0.26,0.11,0.3994,0.4086,27
0.025,1.05,6,0.26,0.12,0.3994,0.4086,27
0.025,1.05,6,0.26,0.14,0.3994,0.4086,27
0.025,1.05,6,0.28,0.09,0.3994,0.4086,27
0.025,1.05,6,0.28,0.11,0.3994,0.4086,27
0.025,1.05,6,0.28,0.12,0.3994,0.4086,27
0.025,1.05,6,0.28,0.14,0.3994,0.4086,27
0.025,1.05,6,0.3,0.09,0.3994,0.4086,27
0.025,1.05,6,0.3,0.11,0.3994,0.4086,27
0.025,1.05,6,0.3,0.12,0.3994,0.4086,27
0.025,1.05,6,0.3,0.14,0.3994,0.4086,27
0.025,1.05,6,0.32,0.09,0.3994,0.4086,27
0.025,1.05,6,0.32,0.11,0.3994,0.4086,27
0.025,1.05,6,0.32,0.12,0.3994,0.4086,27
0.025,1.05,6,0.32,0.14,0.3994,0.4086,27
0.02,1.05,6,0.32,0.09,0.3992,0.3978,39
0.02,1.05,6,0.32,0.11,0.3992,0.3978,39
0.02,1.05,6,0.32,0.12,0.3992,0.3978,39
0.02,1.05,6,0.32,0.14,0.3992,0.3978,39
0.02,1.05,6,0.35,0.09,0.3992,0.3978,39
0.02,1.05,6,0.35,0.11,0.3992,0.3978,39
0.02,1.05,6,0.35,0.12,0.3992,0.3978,39
0.02,1.05,6,0.35,0.14,0.3992,0.3978,39
0.025,1.05,6,0.35,0.09,0.3986,0.4086,28
0.02,1.1,8,0.35,0.09,0.3984,0.3871,28
0.02,1.1,8,0.35,0.11,0.3984,0.3871,28
0.02,1.1,8,0.35,0.12,0.3984,0.3871,28
0.02,1.1,8,0.35,0.14,0.3984,0.3871,28
0.02,1.15,8,0.35,0.09,0.3984,0.3871,27
0.02,1.15,8,0.35,0.11,0.3984,0.3871,27
0.02,1.15,8,0.35,0.12,0.3984,0.3871,27
0.02,1.15,8,0.35,0.14,0.3984,0.3871,27
0.022,1.1,12,0.35,0.11,0.3977,0.3763,12
0.022,1.1,12,0.35,0.12,0.3977,0.3763,12
0.022,1.1,12,0.35,0.14,0.3977,0.3763,12
0.022,1.15,12,0.35,0.11,0.3977,0.3763,12
0.022,1.15,12,0.35,0.12,0.3977,0.3763,12
0.022,1.15,12,0.35,0.14,0.3977,0.3763,12
0.022,1.0,6,0.32,0.09,0.3976,0.4194,38
0.022,1.0,6,0.32,0.11,0.3976,0.4194,38
0.022,1.0,6,0.32,0.12,0.3976,0.4194,38
0.02,1.05,6,0.3,0.09,0.3976,0.3978,38
0.02,1.05,6,0.3,0.11,0.3976,0.3978,38
0.02,1.05,6,0.3,0.12,0.3976,0.3978,38
0.02,1.05,6,0.3,0.14,0.3976,0.3978,38
0.022,1.05,10,0.35,0.11,0.3973,0.3871,20
0.022,1.05,10,0.35,0.12,0.3973,0.3871,20
0.022,1.05,10,0.35,0.14,0.3973,0.3871,20
0.018,1.1,8,0.26,0.09,0.3969,0.3978,31
0.018,1.1,8,0.26,0.11,0.3969,0.3978,31
0.018,1.1,8,0.26,0.12,0.3969,0.3978,31
0.018,1.1,8,0.26,0.14,0.3969,0.3978,31
0.018,1.15,8,0.26,0.09,0.3969,0.3978,30
0.018,1.15,8,0.26,0.11,0.3969,0.3978,30
0.018,1.15,8,0.26,0.12,0.3969,0.3978,30
0.018,1.15,8,0.26,0.14,0.3969,0.3978,30
0.02,1.1,8,0.28,0.09,0.3968,0.3871,27
0.02,1.1,8,0.28,0.11,0.3968,0.3871,27
0.02,1.1,8,0.28,0.12,0.3968,0.3871,27
0.02,1.1,8,0.28,0.14,0.3968,0.3871,27
0.02,1.1,8,0.3,0.09,0.3968,0.3871,27
0.02,1.1,8,0.3,0.11,0.3968,0.3871,27
0.02,1.1,8,0.3,0.12,0.3968,0.3871,27
0.02,1.1,8,0.3,0.14,0.3968,0.3871,27
0.02,1.1,8,0.32,0.09,0.3968,0.3871,27
0.02,1.1,8,0.32,0.11,0.3968,0.3871,27
0.02,1.1,8,0.32,0.12,0.3968,0.3871,27
0.02,1.1,8,0.32,0.14,0.3968,0.3871,27
0.02,1.15,8,0.28,0.09,0.3968,0.3871,26
0.02,1.15,8,0.28,0.11,0.3968,0.3871,26
0.02,1.15,8,0.28,0.12,0.3968,0.3871,26
0.02,1.15,8,0.28,0.14,0.3968,0.3871,26
0.02,1.15,8,0.3,0.09,0.3968,0.3871,26
0.02,1.15,8,0.3,0.11,0.3968,0.3871,26
0.02,1.15,8,0.3,0.12,0.3968,0.3871,26
0.02,1.15,8,0.3,0.14,0.3968,0.3871,26
0.02,1.15,8,0.32,0.09,0.3968,0.3871,26
0.02,1.15,8,0.32,0.11,0.3968,0.3871,26
0.02,1.15,8,0.32,0.12,0.3968,0.3871,26
0.02,1.15,8,0.32,0.14,0.3968,0.3871,26
0.022,1.0,6,0.35,0.09,0.3967,0.4194,38
0.018,1.05,8,0.26,0.09,0.3959,0.3978,34
0.018,1.05,8,0.26,0.11,0.3959,0.3978,34
0.018,1.05,8,0.26,0.12,0.3959,0.3978,34
0.018,1.05,8,0.26,0.14,0.3959,0.3978,34
0.022,1.1,12,0.28,0.09,0.3959,0.3763,12
0.022,1.1,12,0.28,0.11,0.3959,0.3763,12
0.022,1.1,12,0.28,0.12,0.3959,0.3763,12
0.022,1.1,12,0.28,0.14,0.3959,0.3763,12
0.022,1.1,12,0.3,0.09,0.3959,0.3763,12
0.022,1.1,12,0.3,0.11,0.3959,0.3763,12
0.022,1.1,12,0.3,0.12,0.3959,0.3763,12
0.022,1.1,12,0.3,0.14,0.3959,0.3763,12
0.022,1.1,12,0.32,0.09,0.3959,0.3763,12
0.022,1.1,12,0.32,0.11,0.3959,0.3763,12
0.022,1.1,12,0.32,0.12,0.3959,0.3763,12
0.022,1.1,12,0.32,0.14,0.3959,0.3763,12
0.022,1.15,12,0.28,0.09,0.3959,0.3763,12
0.022,1.15,12,0.28,0.11,0.3959,0.3763,12
0.022,1.15,12,0.28,0.12,0.3959,0.3763,12
0.022,1.15,12,0.28,0.14,0.3959,0.3763,12
0.022,1.15,12,0.3,0.09,0.3959,0.3763,12
0.022,1.15,12,0.3,0.11,0.3959,0.3763,12
0.022,1.15,12,0.3,0.12,0.3959,0.3763,12
0.022,1.15,12,0.3,0.14,0.3959,0.3763,12
0.022,1.15,12,0.32,0.09,0.3959,0.3763,12
0.022,1.15,12,0.32,0.11,0.3959,0.3763,12
0.022,1.15,12,0.32,0.12,0.3959,0.3763,12
0.022,1.15,12,0.32,0.14,0.3959,0.3763,12
0.02,1.0,8,0.35,0.14,0.3957,0.3978,33
0.015,1.0,6,0.26,0.14,0.3956,0.4194,55
0.02,1.05,8,0.35,0.09,0.3954,0.3871,31
0.02,1.05,8,0.35,0.11,0.3954,0.3871,31
0.02,1.05,8,0.35,0.12,0.3954,0.3871,31
0.02,1.05,8,0.35,0.14,0.3954,0.3871,31
0.022,1.0,6,0.26,0.09,0.3953,0.4194,36
0.022,1.0,6,0.26,0.11,0.3953,0.4194,36
0.022,1.0,6,0.26,0.12,0.3953,0.4194,36
0.022,1.0,6,0.28,0.09,0.3953,0.4194,36
0.022,1.0,6,0.28,0.11,0.3953,0.4194,36
0.022,1.0,6,0.28,0.12,0.3953,0.4194,36
0.022,1.0,6,0.3,0.09,0.3953,0.4194,37
0.022,1.0,6,0.3,0.11,0.3953,0.4194,37
0.022,1.0,6,0.3,0.12,0.3953,0.4194,37
0.022,1.1,12,0.35,0.09,0.3952,0.3763,12
0.022,1.15,12,0.35,0.09,0.3952,0.3763,12
0.022,1.05,10,0.35,0.09,0.395,0.3871,20
0.02,1.0,6,0.28,0.14,0.3949,0.4086,42
0.025,1.0,6,0.35,0.11,0.3946,0.4086,30
0.025,1.0,6,0.35,0.12,0.3946,0.4086,30
0.018,1.0,6,0.32,0.09,0.3939,0.4086,49
0.018,1.0,6,0.32,0.11,0.3939,0.4086,49
0.018,1.0,6,0.32,0.12,0.3939,0.4086,49
0.018,1.0,6,0.35,0.09,0.3939,0.4086,49
0.018,1.0,6,0.35,0.11,0.3939,0.4086,49
0.018,1.0,6,0.35,0.12,0.3939,0.4086,49
0.022,1.05,10,0.26,0.09,0.3936,0.3871,19
0.022,1.05,10,0.26,0.11,0.3936,0.3871,19
0.022,1.05,10,0.26,0.12,0.3936,0.3871,19
0.022,1.05,10,0.26,0.14,0.3936,0.3871,19
0.022,1.05,10,0.28,0.09,0.3936,0.3871,19
0.022,1.05,10,0.28,0.11,0.3936,0.3871,19
0.022,1.05,10,0.28,0.12,0.3936,0.3871,19
0.022,1.05,10,0.28,0.14,0.3936,0.3871,19
0.022,1.05,10,0.3,0.09,0.3936,0.3871,19
0.022,1.05,10,0.3,0.11,0.3936,0.3871,19
0.022,1.05,10,0.3,0.12,0.3936,0.3871,19
0.022,1.05,10,0.3,0.14,0.3936,0.3871,19
0.022,1.05,10,0.32,0.09,0.3936,0.3871,19
0.022,1.05,10,0.32,0.11,0.3936,0.3871,19
0.022,1.05,10,0.32,0.12,0.3936,0.3871,19
0.022,1.05,10,0.32,0.14,0.3936,0.3871,19
0.02,1.05,8,0.28,0.09,0.3935,0.3871,30
0.02,1.05,8,0.28,0.11,0.3935,0.3871,30
0.02,1.05,8,0.28,0.12,0.3935,0.3871,30
0.02,1.05,8,0.28,0.14,0.3935,0.3871,30
0.02,1.05,8,0.3,0.09,0.3935,0.3871,30
0.02,1.05,8,0.3,0.11,0.3935,0.3871,30
0.02,1.05,8,0.3,0.12,0.3935,0.3871,30
0.02,1.05,8,0.3,0.14,0.3935,0.3871,30
0.02,1.05,8,0.32,0.09,0.3935,0.3871,30
0.02,1.05,8,0.32,0.11,0.3935,0.3871,30
0.02,1.05,8,0.32,0.12,0.3935,0.3871,30
0.02,1.05,8,0.32,0.14,0.3935,0.3871,30
0.02,1.0,8,0.28,0.14,0.3934,0.3978,32
0.02,1.0,8,0.3,0.14,0.3934,0.3978,32
0.02,1.0,8,0.32,0.14,0.3934,0.3978,32
0.02,1.15,10,0.35,0.09,0.3925,0.3763,19
0.02,1.15,10,0.35,0.11,0.3925,0.3763,19
0.02,1.15,10,0.35,0.12,0.3925,0.3763,19
0.02,1.15,10,0.35,0.14,0.3925,0.3763,19
0.025,1.0,6,0.26,0.09,0.3922,0.4086,29
0.025,1.0,6,0.26,0.11,0.3922,0.4086,29
0.025,1.0,6,0.26,0.12,0.3922,0.4086,29
0.025,1.0,6,0.28,0.09,0.3922,0.4086,29
0.025,1.0,6,0.28,0.11,0.3922,0.4086,29
0.025,1.0,6,0.28,0.12,0.3922,0.4086,29
0.025,1.0,6,0.3,0.09,0.3922,0.4086,29
0.025,1.0,6,0.3,0.11,0.3922,0.4086,29
0.025,1.0,6,0.3,0.12,0.3922,0.4086,29
0.025,1.0,6,0.32,0.09,0.3922,0.4086,29
0.025,1.0,6,0.32,0.11,0.3922,0.4086,29
0.025,1.0,6,0.32,0.12,0.3922,0.4086,29
0.018,1.1,10,0.26,0.09,0.392,0.3871,26
0.018,1.1,10,0.26,0.11,0.392,0.3871,26
0.018,1.1,10,0.26,0.12,0.392,0.3871,26
0.018,1.1,10,0.26,0.14,0.392,0.3871,26
0.018,1.1,10,0.28,0.09,0.392,0.3871,26
0.018,1.1,10,0.28,0.11,0.392,0.3871,26
0.018,1.1,10,0.28,0.12,0.392,0.3871,26
0.018,1.1,10,0.28,0.14,0.392,0.3871,26
0.018,1.1,10,0.3,0.09,0.392,0.3871,26
0.018,1.1,10,0.3,0.11,0.392,0.3871,26
0.018,1.1,10,0.3,0.12,0.392,0.3871,26
0.018,1.1,10,0.3,0.14,0.392,0.3871,26
0.018,1.1,10,0.32,0.09,0.392,0.3871,26
0.018,1.1,10,0.32,0.11,0.392,0.3871,26
0.018,1.1,10,0.32,0.12,0.392,0.3871,26
0.018,1.1,10,0.32,0.14,0.392,0.3871,26
0.018,1.15,10,0.26,0.09,0.392,0.3871,24
0.018,1.15,10,0.26,0.11,0.392,0.3871,24
0.018,1.15,10,0.26,0.12,0.392,0.3871,24
0.018,1.15,10,0.26,0.14,0.392,0.3871,24
0.02,1.0,6,0.26,0.09,0.3917,0.4086,42
0.02,1.0,6,0.26,0.11,0.3917,0.4086,42
0.02,1.0,6,0.26,0.12,0.3917,0.4086,42
0.022,1.05,12,0.26,0.09,0.3917,0.3763,12
0.022,1.05,12,0.26,0.11,0.3917,0.3763,12
0.022,1.05,12,0.26,0.12,0.3917,0.3763,12
0.022,1.05,12,0.26,0.14,0.3917,0.3763,12
0.025,1.0,6,0.35,0.09,0.3915,0.4086,30
0.018,1.05,10,0.26,0.09,0.391,0.3871,27
0.018,1.05,10,0.26,0.11,0.391,0.3871,27
0.018,1.05,10,0.26,0.12,0.391,0.3871,27
0.018,1.05,10,0.26,0.14,0.391,0.3871,27
0.018,1.05,10,0.28,0.09,0.391,0.3871,27
0.018,1.05,10,0.28,0.11,0.391,0.3871,27
0.018,1.05,10,0.28,0.12,0.391,0.3871,27
0.018,1.05,10,0.28,0.14,0.391,0.3871,27
0.018,1.05,10,0.3,0.09,0.391,0.3871,27
0.018,1.05,10,0.3,0.11,0.391,0.3871,27
0.018,1.05,10,0.3,0.12,0.391,0.3871,27
0.018,1.05,10,0.3,0.14,0.391,0.3871,27
0.018,1.05,10,0.32,0.09,0.391,0.3871,27
0.018,1.05,10,0.32,0.11,0.391,0.3871,27
0.018,1.05,10,0.32,0.12,0.391,0.3871,27
0.018,1.05,10,0.32,0.14,0.391,0.3871,27
0.02,1.15,10,0.28,0.09,0.3909,0.3763,18
0.02,1.15,10,0.28,0.11,0.3909,0.3763,18
0.02,1.15,10,0.28,0.12,0.3909,0.3763,18
0.02,1.15,10,0.28,0.14,0.3909,0.3763,18
0.02,1.15,10,0.3,0.09,0.3909,0.3763,18
0.02,1.15,10,0.3,0.11,0.3909,0.3763,18
0.02,1.15,10,0.3,0.12,0.3909,0.3763,18
0.02,1.15,10,0.3,0.14,0.3909,0.3763,18
0.02,1.15,10,0.32,0.09,0.3909,0.3763,18
0.02,1.15,10,0.32,0.11,0.3909,0.3763,18
0.02,1.15,10,0.32,0.12,0.3909,0.3763,18
0.02,1.15,10,0.32,0.14,0.3909,0.3763,18
0.02,1.0,8,0.26,0.09,0.3902,0.3978,32
0.02,1.0,8,0.26,0.11,0.3902,0.3978,32
0.02,1.0,8,0.26,0.12,0.3902,0.3978,32
0.02,1.05,10,0.35,0.09,0.3902,0.3763,23
0.02,1.05,10,0.35,0.11,0.3902,0.3763,23
0.02,1.05,10,0.35,0.12,0.3902,0.3763,23
0.02,1.05,10,0.35,0.14,0.3902,0.3763,23
0.025,1.05,10,0.26,0.09,0.3897,0.3763,17
0.025,1.05,10,0.26,0.11,0.3897,0.3763,17
0.025,1.05,10,0.26,0.12,0.3897,0.3763,17
0.025,1.05,10,0.26,0.14,0.3897,0.3763,17
0.025,1.05,10,0.35,0.11,0.3894,0.3763,18
0.025,1.05,10,0.35,0.12,0.3894,0.3763,18
0.025,1.05,10,0.35,0.14,0.3894,0.3763,18
0.02,1.0,6,0.32,0.14,0.3893,0.3978,43
0.02,1.0,6,0.35,0.14,0.3893,0.3978,43
0.025,1.1,12,0.26,0.09,0.389,0.3656,11
0.025,1.1,12,0.26,0.11,0.389,0.3656,11
0.025,1.1,12,0.26,0.12,0.389,0.3656,11
0.025,1.1,12,0.26,0.14,0.389,0.3656,11
0.025,1.15,12,0.26,0.09,0.389,0.3656,11
0.025,1.15,12,0.26,0.11,0.389,0.3656,11
0.025,1.15,12,0.26,0.12,0.389,0.3656,11
0.025,1.15,12,0.26,0.14,0.389,0.3656,11
0.02,1.05,10,0.26,0.09,0.3884,0.3763,22
0.02,1.05,10,0.26,0.11,0.3884,0.3763,22
0.02,1.05,10,0.26,0.12,0.3884,0.3763,22
0.02,1.05,10,0.26,0.14,0.3884,0.3763,22
0.02,1.05,10,0.28,0.09,0.3884,0.3763,22
0.02,1.05,10,0.28,0.11,0.3884,0.3763,22
0.02,1.05,10,0.28,0.12,0.3884,0.3763,22
0.02,1.05,10,0.28,0.14,0.3884,0.3763,22
0.02,1.05,10,0.3,0.09,0.3884,0.3763,22
0.02,1.05,10,0.3,0.11,0.3884,0.3763,22
0.02,1.05,10,0.3,0.12,0.3884,0.3763,22
0.02,1.05,10,0.3,0.14,0.3884,0.3763,22
0.02,1.05,10,0.32,0.09,0.3884,0.3763,22
0.02,1.05,10,0.32,0.11,0.3884,0.3763,22
0.02,1.05,10,0.32,0.12,0.3884,0.3763,22
0.02,1.05,10,0.32,0.14,0.3884,0.3763,22
0.018,1.1,8,0.28,0.09,0.3883,0.3871,31
0.018,1.1,8,0.28,0.11,0.3883,0.3871,31
0.018,1.1,8,0.28,0.12,0.3883,0.3871,31
0.018,1.1,8,0.28,0.14,0.3883,0.3871,31
0.018,1.1,8,0.3,0.09,0.3883,0.3871,31
0.018,1.1,8,0.3,0.11,0.3883,0.3871,31
0.018,1.1,8,0.3,0.12,0.3883,0.3871,31
0.018,1.1,8,0.3,0.14,0.3883,0.3871,31
0.018,1.1,8,0.32,0.09,0.3883,0.3871,31
0.018,1.1,8,0.32,0.11,0.3883,0.3871,31
0.018,1.1,8,0.32,0.12,0.3883,0.3871,31
0.018,1.1,8,0.32,0.14,0.3883,0.3871,31
0.018,1.15,8,0.28,0.09,0.3883,0.3871,30
0.018,1.15,8,0.28,0.11,0.3883,0.3871,30
0.018,1.15,8,0.28,0.12,0.3883,0.3871,30
0.018,1.15,8,0.28,0.14,0.3883,0.3871,30
0.018,1.15,8,0.3,0.09,0.3883,0.3871,30
0.018,1.15,8,0.3,0.11,0.3883,0.3871,30
0.018,1.15,8,0.3,0.12,0.3883,0.3871,30
0.018,1.15,8,0.3,0.14,0.3883,0.3871,30
0.018,1.15,8,0.32,0.09,0.3883,0.3871,30
0.018,1.15,8,0.32,0.11,0.3883,0.3871,30
0.018,1.15,8,0.32,0.12,0.3883,0.3871,30
0.018,1.15,8,0.32,0.14,0.3883,0.3871,30
0.025,1.05,10,0.28,0.09,0.3883,0.3763,17
0.025,1.05,10,0.28,0.11,0.3883,0.3763,17
0.025,1.05,10,0.28,0.12,0.3883,0.3763,17
0.025,1.05,10,0.28,0.14,0.3883,0.3763,17
0.025,1.05,10,0.3,0.09,0.3883,0.3763,17
0.025,1.05,10,0.3,0.11,0.3883,0.3763,17
0.025,1.05,10,0.3,0.12,0.3883,0.3763,17
0.025,1.05,10,0.3,0.14,0.3883,0.3763,17
0.025,1.05,10,0.32,0.09,0.3883,0.3763,17
0.025,1.05,10,0.32,0.11,0.3883,0.3763,17
0.025,1.05,10,0.32,0.12,0.3883,0.3763,17
0.025,1.05,10,0.32,0.14,0.3883,0.3763,17
0.015,1.0,6,0.28,0.14,0.3881,0.4086,54
0.018,1.05,8,0.28,0.09,0.3876,0.3871,34
0.018,1.05,8,0.28,0.11,0.3876,0.3871,34
0.018,1.05,8,0.28,0.12,0.3876,0.3871,34
0.018,1.05,8,0.28,0.14,0.3876,0.3871,34
0.018,1.05,8,0.3,0.09,0.3876,0.3871,34
0.018,1.05,8,0.3,0.11,0.3876,0.3871,34
0.018,1.05,8,0.3,0.12,0.3876,0.3871,34
0.018,1.05,8,0.3,0.14,0.3876,0.3871,34
0.018,1.05,8,0.32,0.09,0.3876,0.3871,34
0.018,1.05,8,0.32,0.11,0.3876,0.3871,34
0.018,1.05,8,0.32,0.12,0.3876,0.3871,34
0.018,1.05,8,0.32,0.14,0.3876,0.3871,34
0.025,1.1,12,0.28,0.09,0.3876,0.3656,11
0.025,1.1,12,0.28,0.11,0.3876,0.3656,11
0.025,1.1,12,0.28,0.12,0.3876,0.3656,11
0.025,1.1,12,0.28,0.14,0.3876,0.3656,11
0.025,1.1,12,0.3,0.09,0.3876,0.3656,11
0.025,1.1,12,0.3,0.11,0.3876,0.3656,11
0.025,1.1,12,0.3,0.12,0.3876,0.3656,11
0.025,1.1,12,0.3,0.14,0.3876,0.3656,11
0.025,1.1,12,0.32,0.09,0.3876,0.3656,11
0.025,1.1,12,0.32,0.11,0.3876,0.3656,11
0.025,1.1,12,0.32,0.12,0.3876,0.3656,11
0.025,1.1,12,0.32,0.14,0.3876,0.3656,11
0.025,1.15,12,0.28,0.09,0.3876,0.3656,11
0.025,1.15,12,0.28,0.11,0.3876,0.3656,11
0.025,1.15,12,0.28,0.12,0.3876,0.3656,11
0.025,1.15,12,0.28,0.14,0.3876,0.3656,11
0.025,1.15,12,0.3,0.09,0.3876,0.3656,11
0.025,1.15,12,0.3,0.11,0.3876,0.3656,11
0.025,1.15,12,0.3,0.12,0.3876,0.3656,11
0.025,1.15,12,0.3,0.14,0.3876,0.3656,11
0.025,1.15,12,0.32,0.09,0.3876,0.3656,11
0.025,1.15,12,0.32,0.11,0.3876,0.3656,11
0.025,1.15,12,0.32,0.12,0.3876,0.3656,11
0.025,1.15,12,0.32,0.14,0.3876,0.3656,11
0.025,1.05,10,0.35,0.09,0.3874,0.3763,18
0.02,1.0,6,0.3,0.14,0.3872,0.3978,42
0.025,1.1,12,0.35,0.11,0.387,0.3656,11
0.025,1.1,12,0.35,0.12,0.387,0.3656,11
0.025,1.1,12,0.35,0.14,0.387,0.3656,11
0.025,1.15,12,0.35,0.11,0.387,0.3656,11
0.025,1.15,12,0.35,0.12,0.387,0.3656,11
0.025,1.15,12,0.35,0.14,0.387,0.3656,11
0.015,1.0,6,0.26,0.11,0.3855,0.4086,55
0.015,1.0,6,0.26,0.12,0.3855,0.4086,55
0.02,1.0,8,0.35,0.09,0.3847,0.3871,33
0.02,1.0,8,0.35,0.11,0.3847,0.3871,33
0.02,1.0,8,0.35,0.12,0.3847,0.3871,33
0.025,1.1,12,0.35,0.09,0.3847,0.3656,11
0.025,1.15,12,0.35,0.09,0.3847,0.3656,11
0.02,1.0,6,0.28,0.09,0.3841,0.3978,42
0.02,1.0,6,0.28,0.11,0.3841,0.3978,42
0.02,1.0,6,0.28,0.12,0.3841,0.3978,42
0.022,1.05,12,0.35,0.11,0.3837,0.3656,12
0.022,1.05,12,0.35,0.12,0.3837,0.3656,12
0.022,1.05,12,0.35,0.14,0.3837,0.3656,12
0.015,1.1,6,0.26,0.11,0.3832,0.3978,46
0.015,1.1,6,0.26,0.12,0.3832,0.3978,46
0.015,1.1,6,0.26,0.14,0.3832,0.3978,46
0.015,1.15,6,0.26,0.11,0.3832,0.3978,44
0.015,1.15,6,0.26,0.12,0.3832,0.3978,44
0.015,1.15,6,0.26,0.14,0.3832,0.3978,44
0.018,1.1,10,0.35,0.09,0.383,0.3763,26
0.018,1.1,10,0.35,0.11,0.383,0.3763,26
0.018,1.1,10,0.35,0.12,0.383,0.3763,26
0.018,1.1,10,0.35,0.14,0.383,0.3763,26
0.018,1.15,10,0.28,0.09,0.383,0.3763,24
0.018,1.15,10,0.28,0.11,0.383,0.3763,24
0.018,1.15,10,0.28,0.12,0.383,0.3763,24
0.018,1.15,10,0.28,0.14,0.383,0.3763,24
0.018,1.15,10,0.3,0.09,0.383,0.3763,24
0.018,1.15,10,0.3,0.11,0.383,0.3763,24
0.018,1.15,10,0.3,0.12,0.383,0.3763,24
0.018,1.15,10,0.3,0.14,0.383,0.3763,24
0.018,1.15,10,0.32,0.09,0.383,0.3763,24
0.018,1.15,10,0.32,0.11,0.383,0.3763,24
0.018,1.15,10,0.32,0.12,0.383,0.3763,24
0.018,1.15,10,0.32,0.14,0.383,0.3763,24
0.02,1.0,8,0.28,0.09,0.3823,0.3871,32
0.02,1.0,8,0.28,0.11,0.3823,0.3871,32
0.02,1.0,8,0.28,0.12,0.3823,0.3871,32
0.02,1.0,8,0.3,0.09,0.3823,0.3871,32
0.02,1.0,8,0.3,0.11,0.3823,0.3871,32
0.02,1.0,8,0.3,0.12,0.3823,0.3871,32
0.02,1.0,8,0.32,0.09,0.3823,0.3871,32
0.02,1.0,8,0.32,0.11,0.3823,0.3871,32
0.02,1.0,8,0.32,0.12,0.3823,0.3871,32
0.018,1.05,10,0.35,0.09,0.3822,0.3763,27
0.018,1.05,10,0.35,0.11,0.3822,0.3763,27
0.018,1.05,10,0.35,0.12,0.3822,0.3763,27
0.018,1.05,10,0.35,0.14,0.3822,0.3763,27
0.02,1.0,10,0.35,0.09,0.382,0.3763,24
0.02,1.0,10,0.35,0.11,0.382,0.3763,24
0.02,1.0,10,0.35,0.12,0.382,0.3763,24
0.02,1.0,10,0.35,0.14,0.382,0.3763,24
0.022,1.05,12,0.28,0.09,0.3818,0.3656,12
0.022,1.05,12,0.28,0.11,0.3818,0.3656,12
0.022,1.05,12,0.28,0.12,0.3818,0.3656,12
0.022,1.05,12,0.28,0.14,0.3818,0.3656,12
0.022,1.05,12,0.3,0.09,0.3818,0.3656,12
0.022,1.05,12,0.3,0.11,0.3818,0.3656,12
0.022,1.05,12,0.3,0.12,0.3818,0.3656,12
0.022,1.05,12,0.3,0.14,0.3818,0.3656,12
0.022,1.05,12,0.32,0.09,0.3818,0.3656,12
0.022,1.05,12,0.32,0.11,0.3818,0.3656,12
0.022,1.05,12,0.32,0.12,0.3818,0.3656,12
0.022,1.05,12,0.32,0.14,0.3818,0.3656,12
0.018,1.0,8,0.26,0.14,0.3814,0.3978,35
0.022,1.05,12,0.35,0.09,0.3812,0.3656,12
0.015,1.0,6,0.3,0.14,0.3803,0.3978,54
0.015,1.05,6,0.26,0.11,0.3803,0.3978,51
0.015,1.05,6,0.26,0.12,0.3803,0.3978,51
0.015,1.05,6,0.26,0.14,0.3803,0.3978,51
0.02,1.0,10,0.26,0.09,0.3796,0.3763,23
0.02,1.0,10,0.26,0.11,0.3796,0.3763,23
0.02,1.0,10,0.26,0.12,0.3796,0.3763,23
0.02,1.0,10,0.26,0.14,0.3796,0.3763,23
0.02,1.0,10,0.28,0.09,0.3796,0.3763,23
0.02,1.0,10,0.28,0.11,0.3796,0.3763,23
0.02,1.0,10,0.28,0.12,0.3796,0.3763,23
0.02,1.0,10,0.28,0.14,0.3796,0.3763,23
0.02,1.0,10,0.3,0.09,0.3796,0.3763,23
0.02,1.0,10,0.3,0.11,0.3796,0.3763,23
0.02,1.0,10,0.3,0.12,0.3796,0.3763,23
0.02,1.0,10,0.3,0.14,0.3796,0.3763,23
0.02,1.0,10,0.32,0.09,0.3796,0.3763,23
0.02,1.0,10,0.32,0.11,0.3796,0.3763,23
0.02,1.0,10,0.32,0.12,0.3796,0.3763,23
0.02,1.0,10,0.32,0.14,0.3796,0.3763,23
0.018,1.1,8,0.35,0.09,0.3795,0.3763,30
0.018,1.1,8,0.35,0.11,0.3795,0.3763,30
0.018,1.1,8,0.35,0.12,0.3795,0.3763,30
0.018,1.1,8,0.35,0.14,0.3795,0.3763,30
0.018,1.15,8,0.35,0.09,0.3795,0.3763,29
0.018,1.15,8,0.35,0.11,0.3795,0.3763,29
0.018,1.15,8,0.35,0.12,0.3795,0.3763,29
0.018,1.15,8,0.35,0.14,0.3795,0.3763,29
0.018,1.0,10,0.26,0.09,0.3793,0.3871,27
0.018,1.0,10,0.26,0.11,0.3793,0.3871,27
0.018,1.0,10,0.26,0.12,0.3793,0.3871,27
0.018,1.0,10,0.26,0.14,0.3793,0.3871,27
0.018,1.0,10,0.28,0.09,0.3793,0.3871,27
0.018,1.0,10,0.28,0.11,0.3793,0.3871,27
0.018,1.0,10,0.28,0.12,0.3793,0.3871,27
0.018,1.0,10,0.28,0.14,0.3793,0.3871,27
0.018,1.0,10,0.3,0.09,0.3793,0.3871,27
0.018,1.0,10,0.3,0.11,0.3793,0.3871,27
0.018,1.0,10,0.3,0.12,0.3793,0.3871,27
0.018,1.0,10,0.3,0.14,0.3793,0.3871,27
0.018,1.0,10,0.32,0.09,0.3793,0.3871,27
0.018,1.0,10,0.32,0.11,0.3793,0.3871,27
0.018,1.0,10,0.32,0.12,0.3793,0.3871,27
0.018,1.0,10,0.32,0.14,0.3793,0.3871,27
0.018,1.05,8,0.35,0.09,0.3789,0.3763,33
0.018,1.05,8,0.35,0.11,0.3789,0.3763,33
0.018,1.05,8,0.35,0.12,0.3789,0.3763,33
0.018,1.05,8,0.35,0.14,0.3789,0.3763,33
0.022,1.0,10,0.35,0.11,0.3784,0.3763,20
0.022,1.0,10,0.35,0.12,0.3784,0.3763,20
0.022,1.0,10,0.35,0.14,0.3784,0.3763,20
0.025,1.0,10,0.35,0.11,0.3782,0.3763,19
0.025,1.0,10,0.35,0.12,0.3782,0.3763,19
0.025,1.0,10,0.35,0.14,0.3782,0.3763,19
0.02,1.0,6,0.32,0.09,0.3781,0.3871,43
0.02,1.0,6,0.32,0.11,0.3781,0.3871,43
0.02,1.0,6,0.32,0.12,0.3781,0.3871,43
0.02,1.0,6,0.35,0.09,0.3781,0.3871,43
0.02,1.0,6,0.35,0.11,0.3781,0.3871,43
0.02,1.0,6,0.35,0.12,0.3781,0.3871,43
0.015,1.0,6,0.28,0.11,0.3777,0.3978,54
0.015,1.0,6,0.28,0.12,0.3777,0.3978,54
0.025,1.05,12,0.26,0.09,0.377,0.3548,12
0.025,1.05,12,0.26,0.11,0.377,0.3548,12
0.025,1.05,12,0.26,0.12,0.377,0.3548,12
0.025,1.05,12,0.26,0.14,0.377,0.3548,12
0.015,1.0,6,0.26,0.09,0.376,0.3978,55
0.02,1.0,6,0.3,0.09,0.376,0.3871,42
0.02,1.0,6,0.3,0.11,0.376,0.3871,42
0.02,1.0,6,0.3,0.12,0.376,0.3871,42
0.025,1.0,10,0.26,0.09,0.3758,0.3763,18
0.025,1.0,10,0.26,0.11,0.3758,0.3763,18
0.025,1.0,10,0.26,0.12,0.3758,0.3763,18
0.025,1.0,10,0.26,0.14,0.3758,0.3763,18
0.025,1.0,10,0.28,0.09,0.3758,0.3763,18
0.025,1.0,10,0.28,0.11,0.3758,0.3763,18
0.025,1.0,10,0.28,0.12,0.3758,0.3763,18
0.025,1.0,10,0.28,0.14,0.3758,0.3763,18
0.025,1.0,10,0.3,0.09,0.3758,0.3763,18
0.025,1.0,10,0.3,0.11,0.3758,0.3763,18
0.025,1.0,10,0.3,0.12,0.3758,0.3763,18
0.025,1.0,10,0.3,0.14,0.3758,0.3763,18
0.025,1.0,10,0.32,0.09,0.3758,0.3763,18
0.025,1.0,10,0.32,0.11,0.3758,0.3763,18
0.025,1.0,10,0.32,0.12,0.3758,0.3763,18
0.025,1.0,10,0.32,0.14,0.3758,0.3763,18
0.025,1.0,10,0.35,0.09,0.3756,0.3763,19
0.025,1.05,12,0.28,0.09,0.3755,0.3548,12
0.025,1.05,12,0.28,0.11,0.3755,0.3548,12
0.025,1.05,12,0.28,0.12,0.3755,0.3548,12
0.025,1.05,12,0.28,0.14,0.3755,0.3548,12
0.025,1.05,12,0.3,0.09,0.3755,0.3548,12
0.025,1.05,12,0.3,0.11,0.3755,0.3548,12
0.025,1.05,12,0.3,0.12,0.3755,0.3548,12
0.025,1.05,12,0.3,0.14,0.3755,0.3548,12
0.025,1.05,12,0.32,0.09,0.3755,0.3548,12
0.025,1.05,12,0.32,0.11,0.3755,0.3548,12
0.025,1.05,12,0.32,0.12,0.3755,0.3548,12
0.025,1.05,12,0.32,0.14,0.3755,0.3548,12
0.022,1.0,10,0.35,0.09,0.3754,0.3763,20
0.015,1.1,6,0.28,0.11,0.375,0.3871,45
0.015,1.1,6,0.28,0.12,0.375,0.3871,45
0.015,1.1,6,0.28,0.14,0.375,0.3871,45
0.015,1.1,6,0.3,0.11,0.375,0.3871,45
0.015,1.1,6,0.3,0.12,0.375,0.3871,45
0.015,1.1,6,0.3,0.14,0.375,0.3871,45
0.015,1.15,6,0.28,0.11,0.375,0.3871,43
0.015,1.15,6,0.28,0.12,0.375,0.3871,43
0.015,1.15,6,0.28,0.14,0.375,0.3871,43
0.015,1.15,6,0.3,0.11,0.375,0.3871,43
0.015,1.15,6,0.3,0.12,0.375,0.3871,43
0.015,1.15,6,0.3,0.14,0.375,0.3871,43
0.025,1.05,12,0.35,0.11,0.3749,0.3548,12
0.025,1.05,12,0.35,0.12,0.3749,0.3548,12
0.025,1.05,12,0.35,0.14,0.3749,0.3548,12
0.018,1.0,8,0.28,0.14,0.3741,0.3871,35
0.018,1.0,8,0.3,0.14,0.3741,0.3871,35
0.018,1.0,8,0.32,0.14,0.3741,0.3871,35
0.015,1.1,6,0.26,0.09,0.3736,0.3871,46
0.015,1.15,6,0.26,0.09,0.3736,0.3871,44
0.018,1.15,10,0.35,0.09,0.3736,0.3656,24
0.018,1.15,10,0.35,0.11,0.3736,0.3656,24
0.018,1.15,10,0.35,0.12,0.3736,0.3656,24
0.018,1.15,10,0.35,0.14,0.3736,0.3656,24
0.022,1.0,10,0.26,0.09,0.3734,0.3763,19
0.022,1.0,10,0.26,0.11,0.3734,0.3763,19
0.022,1.0,10,0.26,0.12,0.3734,0.3763,19
0.022,1.0,10,0.26,0.14,0.3734,0.3763,19
0.022,1.0,10,0.28,0.09,0.3734,0.3763,19
0.022,1.0,10,0.28,0.11,0.3734,0.3763,19
0.022,1.0,10,0.28,0.12,0.3734,0.3763,19
0.022,1.0,10,0.28,0.14,0.3734,0.3763,19
0.022,1.0,10,0.3,0.09,0.3734,0.3763,19
0.022,1.0,10,0.3,0.11,0.3734,0.3763,19
0.022,1.0,10,0.3,0.12,0.3734,0.3763,19
0.022,1.0,10,0.3,0.14,0.3734,0.3763,19
0.022,1.0,10,0.32,0.09,0.3734,0.3763,19
0.022,1.0,10,0.32,0.11,0.3734,0.3763,19
0.022,1.0,10,0.32,0.12,0.3734,0.3763,19
0.022,1.0,10,0.32,0.14,0.3734,0.3763,19
0.015,1.0,8,0.26,0.14,0.3726,0.3871,46
0.025,1.05,12,0.35,0.09,0.3726,0.3548,12
0.015,1.0,6,0.32,0.14,0.3722,0.3871,54
0.015,1.0,6,0.35,0.14,0.3722,0.3871,54
0.015,1.05,6,0.28,0.11,0.3722,0.3871,50
0.015,1.05,6,0.28,0.12,0.3722,0.3871,50
0.015,1.05,6,0.28,0.14,0.3722,0.3871,50
0.015,1.05,6,0.3,0.11,0.3722,0.3871,50
0.015,1.05,6,0.3,0.12,0.3722,0.3871,50
0.015,1.05,6,0.3,0.14,0.3722,0.3871,50
0.018,1.0,8,0.26,0.09,0.3717,0.3871,35
0.018,1.0,8,0.26,0.11,0.3717,0.3871,35
0.018,1.0,8,0.26,0.12,0.3717,0.3871,35
0.018,1.0,10,0.35,0.09,0.3715,0.3763,27
0.018,1.0,10,0.35,0.11,0.3715,0.3763,27
0.018,1.0,10,0.35,0.12,0.3715,0.3763,27
0.018,1.0,10,0.35,0.14,0.3715,0.3763,27
0.022,1.0,12,0.26,0.09,0.3714,0.3656,12
0.022,1.0,12,0.26,0.11,0.3714,0.3656,12
0.022,1.0,12,0.26,0.12,0.3714,0.3656,12
0.022,1.0,12,0.26,0.14,0.3714,0.3656,12
0.015,1.05,6,0.26,0.09,0.3707,0.3871,51
0.015,1.1,8,0.26,0.11,0.3699,0.3763,38
0.015,1.1,8,0.26,0.12,0.3699,0.3763,38
0.015,1.1,8,0.26,0.14,0.3699,0.3763,38
0.015,1.15,8,0.26,0.11,0.3699,0.3763,36
0.015,1.15,8,0.26,0.12,0.3699,0.3763,36
0.015,1.15,8,0.26,0.14,0.3699,0.3763,36
0.015,1.0,6,0.3,0.11,0.3696,0.3871,54
0.015,1.0,6,0.3,0.12,0.3696,0.3871,54
0.015,1.05,8,0.26,0.11,0.3691,0.3763,41
0.015,1.05,8,0.26,0.12,0.3691,0.3763,41
0.015,1.05,8,0.26,0.14,0.3691,0.3763,41
0.015,1.0,6,0.28,0.09,0.3683,0.3871,54
0.015,1.0,10,0.26,0.14,0.3677,0.3763,30
0.015,1.0,10,0.28,0.14,0.3677,0.3763,29
0.015,1.0,10,0.3,0.14,0.3677,0.3763,29
0.015,1.0,10,0.32,0.14,0.3677,0.3763,29
0.015,1.0,10,0.35,0.14,0.3677,0.3763,29
0.018,1.0,8,0.35,0.14,0.3664,0.3763,34
0.015,1.1,6,0.32,0.11,0.3663,0.3763,45
0.015,1.1,6,0.32,0.12,0.3663,0.3763,45
0.015,1.1,6,0.32,0.14,0.3663,0.3763,45
0.015,1.1,6,0.35,0.11,0.3663,0.3763,45
0.015,1.1,6,0.35,0.12,0.3663,0.3763,45
0.015,1.1,6,0.35,0.14,0.3663,0.3763,45
0.015,1.15,6,0.32,0.11,0.3663,0.3763,43
0.015,1.15,6,0.32,0.12,0.3663,0.3763,43
0.015,1.15,6,0.32,0.14,0.3663,0.3763,43
0.015,1.15,6,0.35,0.11,0.3663,0.3763,43
0.015,1.15,6,0.35,0.12,0.3663,0.3763,43
0.015,1.15,6,0.35,0.14,0.3663,0.3763,43
0.015,1.1,6,0.28,0.09,0.3654,0.3763,45
0.015,1.1,6,0.3,0.09,0.3654,0.3763,45
0.015,1.15,6,0.28,0.09,0.3654,0.3763,43
0.015,1.15,6,0.3,0.09,0.3654,0.3763,43
0.022,1.0,12,0.35,0.11,0.3648,0.3548,12
0.022,1.0,12,0.35,0.12,0.3648,0.3548,12
0.022,1.0,12,0.35,0.14,0.3648,0.3548,12
0.015,1.0,8,0.28,0.14,0.3646,0.3763,45
0.015,1.0,8,0.3,0.14,0.3646,0.3763,45
0.015,1.0,8,0.32,0.14,0.3646,0.3763,45
0.018,1.0,8,0.28,0.09,0.3641,0.3763,35
0.018,1.0,8,0.28,0.11,0.3641,0.3763,35
0.018,1.0,8,0.28,0.12,0.3641,0.3763,35
0.018,1.0,8,0.3,0.09,0.3641,0.3763,35
0.018,1.0,8,0.3,0.11,0.3641,0.3763,35
0.018,1.0,8,0.3,0.12,0.3641,0.3763,35
0.018,1.0,8,0.32,0.09,0.3641,0.3763,35
0.018,1.0,8,0.32,0.11,0.3641,0.3763,35
0.018,1.0,8,0.32,0.12,0.3641,0.3763,35
0.015,1.05,6,0.32,0.11,0.3637,0.3763,50
0.015,1.05,6,0.32,0.12,0.3637,0.3763,50
0.015,1.05,6,0.32,0.14,0.3637,0.3763,50
0.015,1.05,6,0.35,0.11,0.3637,0.3763,50
0.015,1.05,6,0.35,0.12,0.3637,0.3763,50
0.015,1.05,6,0.35,0.14,0.3637,0.3763,50
0.025,1.0,12,0.26,0.09,0.363,0.3548,12
0.025,1.0,12,0.26,0.11,0.363,0.3548,12
0.025,1.0,12,0.26,0.12,0.363,0.3548,12
0.025,1.0,12,0.26,0.14,0.363,0.3548,12
0.025,1.0,12,0.28,0.09,0.363,0.3548,12
0.025,1.0,12,0.28,0.11,0.363,0.3548,12
0.025,1.0,12,0.28,0.12,0.363,0.3548,12
0.025,1.0,12,0.28,0.14,0.363,0.3548,12
0.025,1.0,12,0.3,0.09,0.363,0.3548,12
0.025,1.0,12,0.3,0.11,0.363,0.3548,12
0.025,1.0,12,0.3,0.12,0.363,0.3548,12
0.025,1.0,12,0.3,0.14,0.363,0.3548,12
0.025,1.0,12,0.32,0.09,0.363,0.3548,12
0.025,1.0,12,0.32,0.11,0.363,0.3548,12
0.025,1.0,12,0.32,0.12,0.363,0.3548,12
0.025,1.0,12,0.32,0.14,0.363,0.3548,12
0.025,1.0,12,0.35,0.11,0.363,0.3548,12
0.025,1.0,12,0.35,0.12,0.363,0.3548,12
0.025,1.0,12,0.35,0.14,0.363,0.3548,12
0.015,1.05,6,0.28,0.09,0.3626,0.3763,50
0.015,1.05,6,0.3,0.09,0.3626,0.3763,50
0.022,1.0,12,0.28,0.09,0.3623,0.3548,12
0.022,1.0,12,0.28,0.11,0.3623,0.3548,12
0.022,1.0,12,0.28,0.12,0.3623,0.3548,12
0.022,1.0,12,0.28,0.14,0.3623,0.3548,12
0.022,1.0,12,0.3,0.09,0.3623,0.3548,12
0.022,1.0,12,0.3,0.11,0.3623,0.3548,12
0.022,1.0,12,0.3,0.12,0.3623,0.3548,12
0.022,1.0,12,0.3,0.14,0.3623,0.3548,12
0.022,1.0,12,0.32,0.09,0.3623,0.3548,12
0.022,1.0,12,0.32,0.11,0.3623,0.3548,12
0.022,1.0,12,0.32,0.12,0.3623,0.3548,12
0.022,1.0,12,0.32,0.14,0.3623,0.3548,12
0.015,1.0,8,0.26,0.11,0.3621,0.3763,46
0.015,1.0,8,0.26,0.12,0.3621,0.3763,46
0.022,1.0,12,0.35,0.09,0.3616,0.3548,12
0.015,1.1,8,0.28,0.11,0.3613,0.3656,37
0.015,1.1,8,0.28,0.12,0.3613,0.3656,37
0.015,1.1,8,0.28,0.14,0.3613,0.3656,37
0.015,1.1,8,0.3,0.11,0.3613,0.3656,37
0.015,1.1,8,0.3,0.12,0.3613,0.3656,37
0.015,1.1,8,0.3,0.14,0.3613,0.3656,37
0.015,1.1,8,0.32,0.11,0.3613,0.3656,37
0.015,1.1,8,0.32,0.12,0.3613,0.3656,37
0.015,1.1,8,0.32,0.14,0.3613,0.3656,37
0.015,1.15,8,0.28,0.11,0.3613,0.3656,35
0.015,1.15,8,0.28,0.12,0.3613,0.3656,35
0.015,1.15,8,0.28,0.14,0.3613,0.3656,35
0.015,1.15,8,0.3,0.11,0.3613,0.3656,35
0.015,1.15,8,0.3,0.12,0.3613,0.3656,35
0.015,1.15,8,0.3,0.14,0.3613,0.3656,35
0.015,1.15,8,0.32,0.11,0.3613,0.3656,35
0.015,1.15,8,0.32,0.12,0.3613,0.3656,35
0.015,1.15,8,0.32,0.14,0.3613,0.3656,35
0.015,1.0,6,0.32,0.11,0.3611,0.3763,54
0.015,1.0,6,0.32,0.12,0.3611,0.3763,54
0.015,1.0,6,0.35,0.11,0.3611,0.3763,54
0.015,1.0,6,0.35,0.12,0.3611,0.3763,54
0.018,1.05,12,0.26,0.09,0.3608,0.3548,16
0.018,1.05,12,0.26,0.11,0.3608,0.3548,16
0.018,1.05,12,0.26,0.12,0.3608,0.3548,16
0.018,1.05,12,0.26,0.14,0.3608,0.3548,16
0.018,1.05,12,0.28,0.09,0.3608,0.3548,16
0.018,1.05,12,0.28,0.11,0.3608,0.3548,16
0.018,1.05,12,0.28,0.12,0.3608,0.3548,16
0.018,1.05,12,0.28,0.14,0.3608,0.3548,16
0.018,1.05,12,0.3,0.09,0.3608,0.3548,16
0.018,1.05,12,0.3,0.11,0.3608,0.3548,16
0.018,1.05,12,0.3,0.12,0.3608,0.3548,16
0.018,1.05,12,0.3,0.14,0.3608,0.3548,16
0.018,1.05,12,0.32,0.09,0.3608,0.3548,16
0.018,1.05,12,0.32,0.11,0.3608,0.3548,16
0.018,1.05,12,0.32,0.12,0.3608,0.3548,16
0.018,1.05,12,0.32,0.14,0.3608,0.3548,16
0.018,1.05,12,0.35,0.09,0.3608,0.3548,16
0.018,1.05,12,0.35,0.11,0.3608,0.3548,16
0.018,1.05,12,0.35,0.12,0.3608,0.3548,16
0.018,1.05,12,0.35,0.14,0.3608,0.3548,16
0.015,1.05,8,0.28,0.11,0.3607,0.3656,40
0.015,1.05,8,0.28,0.12,0.3607,0.3656,40
0.015,1.05,8,0.28,0.14,0.3607,0.3656,40
0.015,1.05,8,0.3,0.11,0.3607,0.3656,40
0.015,1.05,8,0.3,0.12,0.3607,0.3656,40
0.015,1.05,8,0.3,0.14,0.3607,0.3656,40
0.015,1.05,8,0.32,0.11,0.3607,0.3656,40
0.015,1.05,8,0.32,0.12,0.3607,0.3656,40
0.015,1.05,8,0.32,0.14,0.3607,0.3656,40
0.018,1.1,12,0.26,0.09,0.3604,0.3548,16
0.018,1.1,12,0.26,0.11,0.3604,0.3548,16
0.018,1.1,12,0.26,0.12,0.3604,0.3548,16
0.018,1.1,12,0.26,0.14,0.3604,0.3548,16
0.018,1.1,12,0.28,0.09,0.3604,0.3548,16
0.018,1.1,12,0.28,0.11,0.3604,0.3548,16
0.018,1.1,12,0.28,0.12,0.3604,0.3548,16
0.018,1.1,12,0.28,0.14,0.3604,0.3548,16
0.018,1.1,12,0.3,0.09,0.3604,0.3548,16
0.018,1.1,12,0.3,0.11,0.3604,0.3548,16
0.018,1.1,12,0.3,0.12,0.3604,0.3548,16
0.018,1.1,12,0.3,0.14,0.3604,0.3548,16
0.018,1.1,12,0.32,0.09,0.3604,0.3548,16
0.018,1.1,12,0.32,0.11,0.3604,0.3548,16
0.018,1.1,12,0.32,0.12,0.3604,0.3548,16
0.018,1.1,12,0.32,0.14,0.3604,0.3548,16
0.018,1.1,12,0.35,0.09,0.3604,0.3548,16
0.018,1.1,12,0.35,0.11,0.3604,0.3548,16
0.018,1.1,12,0.35,0.12,0.3604,0.3548,16
0.018,1.1,12,0.35,0.14,0.3604,0.3548,16
0.018,1.15,12,0.26,0.09,0.3604,0.3548,16
0.018,1.15,12,0.26,0.11,0.3604,0.3548,16
0.018,1.15,12,0.26,0.12,0.3604,0.3548,16
0.018,1.15,12,0.26,0.14,0.3604,0.3548,16
0.015,1.1,8,0.26,0.09,0.3603,0.3656,38
0.015,1.15,8,0.26,0.09,0.3603,0.3656,36
0.015,1.0,6,0.3,0.09,0.3601,0.3763,54
0.025,1.0,12,0.35,0.09,0.3601,0.3548,12
0.015,1.05,8,0.26,0.09,0.3593,0.3656,41
0.02,1.1,12,0.26,0.09,0.3568,0.3441,13
0.02,1.1,12,0.26,0.11,0.3568,0.3441,13
0.02,1.1,12,0.26,0.12,0.3568,0.3441,13
0.02,1.1,12,0.26,0.14,0.3568,0.3441,13
0.02,1.1,12,0.28,0.09,0.3568,0.3441,13
0.02,1.1,12,0.28,0.11,0.3568,0.3441,13
0.02,1.1,12,0.28,0.12,0.3568,0.3441,13
0.02,1.1,12,0.28,0.14,0.3568,0.3441,13
0.02,1.1,12,0.3,0.09,0.3568,0.3441,13
0.02,1.1,12,0.3,0.11,0.3568,0.3441,13
0.02,1.1,12,0.3,0.12,0.3568,0.3441,13
0.02,1.1,12,0.3,0.14,0.3568,0.3441,13
0.02,1.1,12,0.32,0.09,0.3568,0.3441,13
0.02,1.1,12,0.32,0.11,0.3568,0.3441,13
0.02,1.1,12,0.32,0.12,0.3568,0.3441,13
0.02,1.1,12,0.32,0.14,0.3568,0.3441,13
0.02,1.1,12,0.35,0.09,0.3568,0.3441,13
0.02,1.1,12,0.35,0.11,0.3568,0.3441,13
0.02,1.1,12,0.35,0.12,0.3568,0.3441,13
0.02,1.1,12,0.35,0.14,0.3568,0.3441,13
0.02,1.15,12,0.26,0.09,0.3568,0.3441,13
0.02,1.15,12,0.26,0.11,0.3568,0.3441,13
0.02,1.15,12,0.26,0.12,0.3568,0.3441,13
0.02,1.15,12,0.26,0.14,0.3568,0.3441,13
0.015,1.1,6,0.32,0.09,0.3567,0.3656,45
0.015,1.1,6,0.35,0.09,0.3567,0.3656,45
0.015,1.15,6,0.32,0.09,0.3567,0.3656,43
0.015,1.15,6,0.35,0.09,0.3567,0.3656,43
0.015,1.0,10,0.26,0.11,0.3563,0.3656,30
0.015,1.0,10,0.26,0.12,0.3563,0.3656,30
0.015,1.0,10,0.28,0.11,0.3563,0.3656,29
0.015,1.0,10,0.28,0.12,0.3563,0.3656,29
0.015,1.0,10,0.3,0.11,0.3563,0.3656,29
0.015,1.0,10,0.3,0.12,0.3563,0.3656,29
0.015,1.0,10,0.32,0.11,0.3563,0.3656,29
0.015,1.0,10,0.32,0.12,0.3563,0.3656,29
0.015,1.0,10,0.35,0.11,0.3563,0.3656,29
0.015,1.0,10,0.35,0.12,0.3563,0.3656,29
0.015,1.0,8,0.35,0.14,0.3562,0.3656,45
0.018,1.0,8,0.35,0.09,0.3561,0.3656,34
0.018,1.0,8,0.35,0.11,0.3561,0.3656,34
0.018,1.0,8,0.35,0.12,0.3561,0.3656,34
0.015,1.05,6,0.32,0.09,0.3541,0.3656,50
0.015,1.05,6,0.35,0.09,0.3541,0.3656,50
0.015,1.0,8,0.28,0.11,0.3537,0.3656,45
0.015,1.0,8,0.28,0.12,0.3537,0.3656,45
0.015,1.0,8,0.3,0.11,0.3537,0.3656,45
0.015,1.0,8,0.3,0.12,0.3537,0.3656,45
0.015,1.0,8,0.32,0.11,0.3537,0.3656,45
0.015,1.0,8,0.32,0.12,0.3537,0.3656,45
0.015,1.0,8,0.26,0.09,0.3526,0.3656,46
0.015,1.1,8,0.35,0.11,0.3523,0.3548,37
0.015,1.1,8,0.35,0.12,0.3523,0.3548,37
0.015,1.1,8,0.35,0.14,0.3523,0.3548,37
0.015,1.15,8,0.35,0.11,0.3523,0.3548,35
0.015,1.15,8,0.35,0.12,0.3523,0.3548,35
0.015,1.15,8,0.35,0.14,0.3523,0.3548,35
0.015,1.05,8,0.35,0.11,0.352,0.3548,40
0.015,1.05,8,0.35,0.12,0.352,0.3548,40
0.015,1.05,8,0.35,0.14,0.352,0.3548,40
0.015,1.1,8,0.28,0.09,0.3517,0.3548,37
0.015,1.1,8,0.3,0.09,0.3517,0.3548,37
0.015,1.1,8,0.32,0.09,0.3517,0.3548,37
0.015,1.15,8,0.28,0.09,0.3517,0.3548,35
0.015,1.15,8,0.3,0.09,0.3517,0.3548,35
0.015,1.15,8,0.32,0.09,0.3517,0.3548,35
0.015,1.0,6,0.32,0.09,0.3516,0.3656,54
0.015,1.0,6,0.35,0.09,0.3516,0.3656,54
0.015,1.05,8,0.28,0.09,0.351,0.3548,40
0.015,1.05,8,0.3,0.09,0.351,0.3548,40
0.015,1.05,8,0.32,0.09,0.351,0.3548,40
0.015,1.1,10,0.26,0.11,0.3501,0.3548,26
0.015,1.1,10,0.26,0.12,0.3501,0.3548,26
0.015,1.1,10,0.26,0.14,0.3501,0.3548,26
0.015,1.1,10,0.28,0.11,0.3501,0.3548,25
0.015,1.1,10,0.28,0.12,0.3501,0.3548,25
0.015,1.1,10,0.28,0.14,0.3501,0.3548,25
0.015,1.1,10,0.3,0.11,0.3501,0.3548,25
0.015,1.1,10,0.3,0.12,0.3501,0.3548,25
0.015,1.1,10,0.3,0.14,0.3501,0.3548,25
0.015,1.1,10,0.32,0.11,0.3501,0.3548,25
0.015,1.1,10,0.32,0.12,0.3501,0.3548,25
0.015,1.1,10,0.32,0.14,0.3501,0.3548,25
0.015,1.1,10,0.35,0.11,0.3501,0.3548,25
0.015,1.1,10,0.35,0.12,0.3501,0.3548,25
0.015,1.1,10,0.35,0.14,0.3501,0.3548,25
0.015,1.15,10,0.26,0.11,0.3501,0.3548,23
0.015,1.15,10,0.26,0.12,0.3501,0.3548,23
0.015,1.15,10,0.26,0.14,0.3501,0.3548,23
0.018,1.15,12,0.28,0.09,0.3499,0.3441,16
0.018,1.15,12,0.28,0.11,0.3499,0.3441,16
0.018,1.15,12,0.28,0.12,0.3499,0.3441,16
0.018,1.15,12,0.28,0.14,0.3499,0.3441,16
0.018,1.15,12,0.3,0.09,0.3499,0.3441,16
0.018,1.15,12,0.3,0.11,0.3499,0.3441,16
0.018,1.15,12,0.3,0.12,0.3499,0.3441,16
0.018,1.15,12,0.3,0.14,0.3499,0.3441,16
0.018,1.15,12,0.32,0.09,0.3499,0.3441,16
0.018,1.15,12,0.32,0.11,0.3499,0.3441,16
0.018,1.15,12,0.32,0.12,0.3499,0.3441,16
0.018,1.15,12,0.32,0.14,0.3499,0.3441,16
0.018,1.15,12,0.35,0.09,0.3499,0.3441,16
0.018,1.15,12,0.35,0.11,0.3499,0.3441,16
0.018,1.15,12,0.35,0.12,0.3499,0.3441,16
0.018,1.15,12,0.35,0.14,0.3499,0.3441,16
0.015,1.05,10,0.26,0.11,0.3497,0.3548,28
0.015,1.05,10,0.26,0.12,0.3497,0.3548,28
0.015,1.05,10,0.26,0.14,0.3497,0.3548,28
0.015,1.05,10,0.28,0.11,0.3497,0.3548,27
0.015,1.05,10,0.28,0.12,0.3497,0.3548,27
0.015,1.05,10,0.28,0.14,0.3497,0.3548,27
0.015,1.05,10,0.3,0.11,0.3497,0.3548,27
0.015,1.05,10,0.3,0.12,0.3497,0.3548,27
0.015,1.05,10,0.3,0.14,0.3497,0.3548,27
0.015,1.05,10,0.32,0.11,0.3497,0.3548,27
0.015,1.05,10,0.32,0.12,0.3497,0.3548,27
0.015,1.05,10,0.32,0.14,0.3497,0.3548,27
0.015,1.05,10,0.35,0.11,0.3497,0.3548,27
0.015,1.05,10,0.35,0.12,0.3497,0.3548,27
0.015,1.05,10,0.35,0.14,0.3497,0.3548,27
0.018,1.0,12,0.26,0.09,0.3496,0.3548,16
0.018,1.0,12,0.26,0.11,0.3496,0.3548,16
0.018,1.0,12,0.26,0.12,0.3496,0.3548,16
0.018,1.0,12,0.26,0.14,0.3496,0.3548,16
0.018,1.0,12,0.28,0.09,0.3496,0.3548,16
0.018,1.0,12,0.28,0.11,0.3496,0.3548,16
0.018,1.0,12,0.28,0.12,0.3496,0.3548,16
0.018,1.0,12,0.28,0.14,0.3496,0.3548,16
0.018,1.0,12,0.3,0.09,0.3496,0.3548,16
0.018,1.0,12,0.3,0.11,0.3496,0.3548,16
0.018,1.0,12,0.3,0.12,0.3496,0.3548,16
0.018,1.0,12,0.3,0.14,0.3496,0.3548,16
0.018,1.0,12,0.32,0.09,0.3496,0.3548,16
0.018,1.0,12,0.32,0.11,0.3496,0.3548,16
0.018,1.0,12,0.32,0.12,0.3496,0.3548,16
0.018,1.0,12,0.32,0.14,0.3496,0.3548,16
0.018,1.0,12,0.35,0.09,0.3496,0.3548,16
0.018,1.0,12,0.35,0.11,0.3496,0.3548,16
0.018,1.0,12,0.35,0.12,0.3496,0.3548,16
0.018,1.0,12,0.35,0.14,0.3496,0.3548,16
0.015,1.0,10,0.26,0.09,0.3466,0.3548,30
0.015,1.0,10,0.28,0.09,0.3466,0.3548,29
0.015,1.0,10,0.3,0.09,0.3466,0.3548,29
0.015,1.0,10,0.32,0.09,0.3466,0.3548,29
0.015,1.0,10,0.35,0.09,0.3466,0.3548,29
0.02,1.15,12,0.28,0.09,0.3462,0.3333,13
0.02,1.15,12,0.28,0.11,0.3462,0.3333,13
0.02,1.15,12,0.28,0.12,0.3462,0.3333,13
0.02,1.15,12,0.28,0.14,0.3462,0.3333,13
0.02,1.15,12,0.3,0.09,0.3462,0.3333,13
0.02,1.15,12,0.3,0.11,0.3462,0.3333,13
0.02,1.15,12,0.3,0.12,0.3462,0.3333,13
0.02,1.15,12,0.3,0.14,0.3462,0.3333,13
0.02,1.15,12,0.32,0.09,0.3462,0.3333,13
0.02,1.15,12,0.32,0.11,0.3462,0.3333,13
0.02,1.15,12,0.32,0.12,0.3462,0.3333,13
0.02,1.15,12,0.32,0.14,0.3462,0.3333,13
0.02,1.15,12,0.35,0.09,0.3462,0.3333,13
0.02,1.15,12,0.35,0.11,0.3462,0.3333,13
0.02,1.15,12,0.35,0.12,0.3462,0.3333,13
0.02,1.15,12,0.35,0.14,0.3462,0.3333,13
0.02,1.05,12,0.26,0.09,0.3454,0.3333,13
0.02,1.05,12,0.26,0.11,0.3454,0.3333,13
0.02,1.05,12,0.26,0.12,0.3454,0.3333,13
0.02,1.05,12,0.26,0.14,0.3454,0.3333,13
0.02,1.05,12,0.28,0.09,0.3454,0.3333,13
0.02,1.05,12,0.28,0.11,0.3454,0.3333,13
0.02,1.05,12,0.28,0.12,0.3454,0.3333,13
0.02,1.05,12,0.28,0.14,0.3454,0.3333,13
0.02,1.05,12,0.3,0.09,0.3454,0.3333,13
0.02,1.05,12,0.3,0.11,0.3454,0.3333,13
0.02,1.05,12,0.3,0.12,0.3454,0.3333,13
0.02,1.05,12,0.3,0.14,0.3454,0.3333,13
0.02,1.05,12,0.32,0.09,0.3454,0.3333,13
0.02,1.05,12,0.32,0.11,0.3454,0.3333,13
0.02,1.05,12,0.32,0.12,0.3454,0.3333,13
0.02,1.05,12,0.32,0.14,0.3454,0.3333,13
0.02,1.05,12,0.35,0.09,0.3454,0.3333,13
0.02,1.05,12,0.35,0.11,0.3454,0.3333,13
0.02,1.05,12,0.35,0.12,0.3454,0.3333,13
0.02,1.05,12,0.35,0.14,0.3454,0.3333,13
0.015,1.0,8,0.35,0.11,0.345,0.3548,45
0.015,1.0,8,0.35,0.12,0.345,0.3548,45
0.015,1.0,8,0.28,0.09,0.3443,0.3548,45
0.015,1.0,8,0.3,0.09,0.3443,0.3548,45
0.015,1.0,8,0.32,0.09,0.3443,0.3548,45
0.015,1.1,8,0.35,0.09,0.3427,0.3441,37
0.015,1.15,8,0.35,0.09,0.3427,0.3441,35
0.015,1.05,8,0.35,0.09,0.3422,0.3441,40
0.015,1.1,10,0.26,0.09,0.3406,0.3441,26
0.015,1.1,10,0.28,0.09,0.3406,0.3441,25
0.015,1.1,10,0.3,0.09,0.3406,0.3441,25
0.015,1.1,10,0.32,0.09,0.3406,0.3441,25
0.015,1.1,10,0.35,0.09,0.3406,0.3441,25
0.015,1.15,10,0.26,0.09,0.3406,0.3441,23
0.015,1.15,10,0.28,0.11,0.3406,0.3441,22
0.015,1.15,10,0.28,0.12,0.3406,0.3441,22
0.015,1.15,10,0.28,0.14,0.3406,0.3441,22
0.015,1.15,10,0.3,0.11,0.3406,0.3441,22
0.015,1.15,10,0.3,0.12,0.3406,0.3441,22
0.015,1.15,10,0.3,0.14,0.3406,0.3441,22
0.015,1.15,10,0.32,0.11,0.3406,0.3441,22
0.015,1.15,10,0.32,0.12,0.3406,0.3441,22
0.015,1.15,10,0.32,0.14,0.3406,0.3441,22
0.015,1.15,10,0.35,0.11,0.3406,0.3441,22
0.015,1.15,10,0.35,0.12,0.3406,0.3441,22
0.015,1.15,10,0.35,0.14,0.3406,0.3441,22
0.015,1.05,10,0.26,0.09,0.34,0.3441,28
0.015,1.05,10,0.28,0.09,0.34,0.3441,27
0.015,1.05,10,0.3,0.09,0.34,0.3441,27
0.015,1.05,10,0.32,0.09,0.34,0.3441,27
0.015,1.05,10,0.35,0.09,0.34,0.3441,27
0.015,1.0,8,0.35,0.09,0.3355,0.3441,45
0.015,1.15,10,0.28,0.09,0.3311,0.3333,22
0.015,1.15,10,0.3,0.09,0.3311,0.3333,22
0.015,1.15,10,0.32,0.09,0.3311,0.3333,22
0.015,1.15,10,0.35,0.09,0.3311,0.3333,22
0.015,1.05,12,0.26,0.11,0.3261,0.3226,20
0.015,1.05,12,0.26,0.12,0.3261,0.3226,20
0.015,1.05,12,0.26,0.14,0.3261,0.3226,20
0.015,1.05,12,0.28,0.11,0.3261,0.3226,20
0.015,1.05,12,0.28,0.12,0.3261,0.3226,20
0.015,1.05,12,0.28,0.14,0.3261,0.3226,20
0.015,1.05,12,0.3,0.11,0.3261,0.3226,20
0.015,1.05,12,0.3,0.12,0.3261,0.3226,20
0.015,1.05,12,0.3,0.14,0.3261,0.3226,20
0.015,1.05,12,0.32,0.11,0.3261,0.3226,20
0.015,1.05,12,0.32,0.12,0.3261,0.3226,20
0.015,1.05,12,0.32,0.14,0.3261,0.3226,20
0.015,1.05,12,0.35,0.11,0.3261,0.3226,20
0.015,1.05,12,0.35,0.12,0.3261,0.3226,20
0.015,1.05,12,0.35,0.14,0.3261,0.3226,20
0.015,1.1,12,0.26,0.11,0.3259,0.3226,19
0.015,1.1,12,0.26,0.12,0.3259,0.3226,19
0.015,1.1,12,0.26,0.14,0.3259,0.3226,19
0.015,1.1,12,0.28,0.11,0.3259,0.3226,19
0.015,1.1,12,0.28,0.12,0.3259,0.3226,19
0.015,1.1,12,0.28,0.14,0.3259,0.3226,19
0.015,1.1,12,0.3,0.11,0.3259,0.3226,19
0.015,1.1,12,0.3,0.12,0.3259,0.3226,19
0.015,1.1,12,0.3,0.14,0.3259,0.3226,19
0.015,1.1,12,0.32,0.11,0.3259,0.3226,19
0.015,1.1,12,0.32,0.12,0.3259,0.3226,19
0.015,1.1,12,0.32,0.14,0.3259,0.3226,19
0.015,1.1,12,0.35,0.11,0.3259,0.3226,19
0.015,1.1,12,0.35,0.12,0.3259,0.3226,19
0.015,1.1,12,0.35,0.14,0.3259,0.3226,19
0.015,1.15,12,0.26,0.11,0.3259,0.3226,18
0.015,1.15,12,0.26,0.12,0.3259,0.3226,18
0.015,1.15,12,0.26,0.14,0.3259,0.3226,18
0.015,1.15,12,0.28,0.11,0.3163,0.3118,18
0.015,1.15,12,0.28,0.12,0.3163,0.3118,18
0.015,1.15,12,0.28,0.14,0.3163,0.3118,18
0.015,1.15,12,0.3,0.11,0.3163,0.3118,18
0.015,1.15,12,0.3,0.12,0.3163,0.3118,18
0.015,1.15,12,0.3,0.14,0.3163,0.3118,18
0.015,1.15,12,0.32,0.11,0.3163,0.3118,18
0.015,1.15,12,0.32,0.12,0.3163,0.3118,18
0.015,1.15,12,0.32,0.14,0.3163,0.3118,18
0.015,1.15,12,0.35,0.11,0.3163,0.3118,18
0.015,1.15,12,0.35,0.12,0.3163,0.3118,18
0.015,1.15,12,0.35,0.14,0.3163,0.3118,18
0.015,1.05,12,0.26,0.09,0.3157,0.3118,20
0.015,1.05,12,0.28,0.09,0.3157,0.3118,20
0.015,1.05,12,0.3,0.09,0.3157,0.3118,20
0.015,1.05,12,0.32,0.09,0.3157,0.3118,20
0.015,1.05,12,0.35,0.09,0.3157,0.3118,20
0.015,1.1,12,0.26,0.09,0.3157,0.3118,19
0.015,1.1,12,0.28,0.09,0.3157,0.3118,19
0.015,1.1,12,0.3,0.09,0.3157,0.3118,19
0.015,1.1,12,0.32,0.09,0.3157,0.3118,19
0.015,1.1,12,0.35,0.09,0.3157,0.3118,19
0.015,1.15,12,0.26,0.09,0.3157,0.3118,18
0.02,1.0,12,0.26,0.09,0.3123,0.3118,13
0.02,1.0,12,0.26,0.11,0.3123,0.3118,13
0.02,1.0,12,0.26,0.12,0.3123,0.3118,13
0.02,1.0,12,0.26,0.14,0.3123,0.3118,13
0.02,1.0,12,0.28,0.09,0.3123,0.3118,13
0.02,1.0,12,0.28,0.11,0.3123,0.3118,13
0.02,1.0,12,0.28,0.12,0.3123,0.3118,13
0.02,1.0,12,0.28,0.14,0.3123,0.3118,13
0.02,1.0,12,0.3,0.09,0.3123,0.3118,13
0.02,1.0,12,0.3,0.11,0.3123,0.3118,13
0.02,1.0,12,0.3,0.12,0.3123,0.3118,13
0.02,1.0,12,0.3,0.14,0.3123,0.3118,13
0.02,1.0,12,0.32,0.09,0.3123,0.3118,13
0.02,1.0,12,0.32,0.11,0.3123,0.3118,13
0.02,1.0,12,0.32,0.12,0.3123,0.3118,13
0.02,1.0,12,0.32,0.14,0.3123,0.3118,13
0.02,1.0,12,0.35,0.09,0.3123,0.3118,13
0.02,1.0,12,0.35,0.11,0.3123,0.3118,13
0.02,1.0,12,0.35,0.12,0.3123,0.3118,13
0.02,1.0,12,0.35,0.14,0.3123,0.3118,13
0.015,1.15,12,0.28,0.09,0.3061,0.3011,18
0.015,1.15,12,0.3,0.09,0.3061,0.3011,18
0.015,1.15,12,0.32,0.09,0.3061,0.3011,18
0.015,1.15,12,0.35,0.09,0.3061,0.3011,18
0.015,1.0,12,0.26,0.11,0.3002,0.3011,20
0.015,1.0,12,0.26,0.12,0.3002,0.3011,20
0.015,1.0,12,0.26,0.14,0.3002,0.3011,20
0.015,1.0,12,0.28,0.11,0.3002,0.3011,20
0.015,1.0,12,0.28,0.12,0.3002,0.3011,20
0.015,1.0,12,0.28,0.14,0.3002,0.3011,20
0.015,1.0,12,0.3,0.11,0.3002,0.3011,20
0.015,1.0,12,0.3,0.12,0.3002,0.3011,20
0.015,1.0,12,0.3,0.14,0.3002,0.3011,20
0.015,1.0,12,0.32,0.11,0.3002,0.3011,20
0.015,1.0,12,0.32,0.12,0.3002,0.3011,20
0.015,1.0,12,0.32,0.14,0.3002,0.3011,20
0.015,1.0,12,0.35,0.11,0.3002,0.3011,20
0.015,1.0,12,0.35,0.12,0.3002,0.3011,20
0.015,1.0,12,0.35,0.14,0.3002,0.3011,20
0.015,1.0,12,0.26,0.09,0.2903,0.2903,20
0.015,1.0,12,0.28,0.09,0.2903,0.2903,20
0.015,1.0,12,0.3,0.09,0.2903,0.2903,20
0.015,1.0,12,0.32,0.09,0.2903,0.2903,20
0.015,1.0,12,0.35,0.09,0.2903,0.2903,20
