file_id,frame,view,side,punch_type,left_wrist_dx,left_wrist_dy,right_wrist_dx,right_wrist_dy,left_elbow_dx,left_elbow_dy,right_elbow_dx,right_elbow_dy,left_shoulder_dx,left_shoulder_dy,right_shoulder_dx,right_shoulder_dy,nose_dx,nose_dy,left_hip_dx,left_hip_dy,right_hip_dx,right_hip_dy
1,30,front,lead,jab,0.0519,-0.0573,-0.7095,0.2329,0.1607,-0.067,-0.779,0.7503,0.4912,-0.0934,-0.4912,0.0934,-0.3953,-0.3263,0.4298,1.5553,-0.3333,1.5571
1,45,front,rear,cross,0.6649,0.1101,0.0492,-0.0756,0.8085,0.5583,-0.2659,-0.0948,0.4954,0.0675,-0.4954,-0.0675,0.2646,-0.2966,0.2489,1.2475,-0.4972,1.2015
1,77,front,lead,jab,-0.1186,0.0127,-0.8067,0.2165,-0.0557,0.1651,-0.8812,0.8021,0.4931,-0.0828,-0.4931,0.0828,-0.5125,-0.3229,0.5033,1.7159,-0.2504,1.7027
1,94,front,rear,cross,0.676,0.1665,0.349,-0.0859,0.7374,0.6304,-0.1027,-0.0268,0.4963,0.0605,-0.4963,-0.0605,0.3146,-0.2098,0.2204,1.3369,-0.5647,1.3091
1,131,front,lead,hook,-0.98,-0.0214,-0.903,0.2229,0.0913,-0.1683,-0.6758,0.7379,0.4782,-0.1461,-0.4782,0.1461,-0.5662,-0.3092,0.5486,1.6088,-0.1962,1.6099
1,146,front,rear,hook,0.4624,0.1424,0.4754,0.0016,0.5417,0.5681,-0.5144,0.0831,0.4947,0.0729,-0.4947,-0.0729,0.334,-0.2143,0.1169,1.2201,-0.6648,1.184
1,185,front,lead,hook,-1.4607,0.0802,-1.2324,0.3208,-0.2374,-0.131,-0.8305,0.9578,0.4502,-0.2175,-0.4502,0.2175,-0.9638,-0.3279,0.6217,1.9877,-0.2189,1.9971
1,199,front,rear,hook,0.5179,0.2083,0.7018,0.0368,0.5127,0.5836,-0.1149,0.0122,0.4918,0.09,-0.4918,-0.09,0.3381,-0.1914,0.0738,1.2645,-0.7163,1.2022
1,246,front,rear,uppercut,0.7974,0.0648,0.1724,-0.11,0.9277,0.5048,-0.1446,0.5689,0.4993,-0.0257,-0.4993,0.0257,0.4623,-0.2591,0.3207,1.4692,-0.5217,1.4257
1,263,front,lead,uppercut,-0.1428,-0.25,-0.8967,0.1233,0.2605,0.508,-0.9962,0.6223,0.4987,-0.0365,-0.4987,0.0365,-0.5551,-0.3155,0.1611,1.6767,-0.5232,1.6235
1,300,front,rear,uppercut,0.796,0.0652,0.1074,-0.1439,0.9385,0.5363,-0.1886,0.5305,0.4999,-0.0109,-0.4999,0.0109,0.3601,-0.2881,0.3361,1.5209,-0.524,1.4632
1,326,front,lead,uppercut,0.084,0.051,-0.6227,0.1214,0.5417,0.5035,-0.7963,0.4746,0.4998,0.0134,-0.4998,-0.0134,-0.2657,-0.2538,0.1804,1.1568,-0.4356,1.1121
1,355,front,lead,jab,-0.0202,-0.1377,-0.6869,0.1847,0.2812,0.17,-0.7813,0.6669,0.4967,-0.0569,-0.4967,0.0569,-0.4835,-0.2625,0.3451,1.4729,-0.3221,1.4443
1,373,front,rear,cross,0.6078,0.0818,0.0363,-0.1308,0.7648,0.5557,-0.3212,0.0037,0.494,0.0772,-0.494,-0.0772,0.3127,-0.226,0.2324,1.2917,-0.5499,1.2255
1,402,front,lead,jab,-0.0422,0.0086,-0.6559,0.2186,0.2762,0.2545,-0.7239,0.7207,0.4953,-0.0685,-0.4953,0.0685,-0.4112,-0.2337,0.3941,1.5455,-0.2938,1.5202
1,422,front,rear,cross,0.5741,0.1143,0.0433,-0.1245,0.7234,0.5822,-0.361,-0.0514,0.4946,0.0733,-0.4946,-0.0733,0.2544,-0.2053,0.2318,1.2837,-0.547,1.2141
1,456,front,lead,hook,-1.7617,0.1008,-1.0557,0.2708,-0.645,-0.1029,-0.9056,0.9334,0.4785,-0.1452,-0.4785,0.1452,-0.7431,-0.2218,0.526,1.9789,-0.2582,1.9782
1,472,front,rear,hook,0.6359,0.1606,0.6079,0.0051,0.6157,0.509,-0.1524,0.0072,0.4948,0.0716,-0.4948,-0.0716,0.3059,-0.2082,0.1948,1.1868,-0.5415,1.1369
1,508,front,lead,hook,-1.5567,0.1566,-0.8664,0.2965,-0.5636,-0.1413,-0.6881,0.8514,0.4565,-0.204,-0.4565,0.204,-0.7805,-0.202,0.5849,1.7005,-0.1307,1.7299
1,523,front,rear,hook,0.4263,0.078,0.2293,-0.0365,0.5836,0.4865,-0.5286,-0.0273,0.4952,0.0689,-0.4952,-0.0689,0.2441,-0.2227,0.1582,1.1556,-0.5669,1.0956
1,560,front,lead,uppercut,0.0695,-0.1215,-0.6828,0.1054,0.4992,0.4944,-0.8935,0.5721,0.4993,-0.0269,-0.4993,0.0269,-0.424,-0.2615,0.3427,1.4932,-0.3116,1.4591
1,576,front,rear,uppercut,0.55,0.076,0.0093,-0.1449,0.8044,0.537,-0.3026,0.4185,0.4999,-0.0092,-0.4999,0.0092,0.2667,-0.3148,0.4061,1.3079,-0.3641,1.2781
1,613,front,lead,uppercut,0.0822,-0.3468,-0.7261,0.0636,0.4414,0.3991,-0.9586,0.5674,0.4995,-0.0213,-0.4995,0.0213,-0.3592,-0.324,0.2744,1.5371,-0.3798,1.4925
1,630,front,rear,uppercut,0.5965,0.0305,-0.035,-0.2172,0.8321,0.5157,-0.3568,0.416,0.4998,0.0125,-0.4998,-0.0125,0.2436,-0.3222,0.3144,1.3532,-0.4544,1.3039
2,10,side,lead,jab,1.9552,-0.2004,0.2608,0.0273,1.167,-0.1218,-0.0578,0.407,0.4534,-0.0276,-0.4534,0.0276,0.3336,-0.2356,0.3756,0.9859,-0.2398,1.0141
2,24,side,rear,cross,0.4985,0.0056,2.195,-0.1148,0.1333,0.0742,1.3691,-0.0659,-0.3269,-0.0021,0.3269,0.0021,0.5157,-0.1678,-0.0716,0.9856,-0.0356,1.0144
2,59,side,lead,jab,2.0483,-0.2002,0.225,0.0521,1.2439,-0.0936,-0.0429,0.4073,0.4464,-0.0333,-0.4464,0.0333,0.3651,-0.2186,0.2857,0.986,-0.3237,1.014
2,81,side,rear,cross,0.6846,0.0351,2.039,-0.0996,0.2967,0.1105,1.2255,0.0309,-0.195,-0.0025,0.195,0.0025,0.5791,-0.149,0.0992,0.992,0.0098,1.008
2,118,side,lead,hook,1.4999,-0.0628,0.1081,0.0755,1.1127,-0.1064,-0.1968,0.4294,0.4959,-0.064,-0.4959,0.064,0.2599,-0.2172,0.4122,0.9641,-0.2158,1.0024
2,135,side,lead,hook,1.2608,0.0346,1.5561,-0.0076,0.479,0.0982,1.1118,0.0248,-0.3158,-0.0012,0.3158,0.0012,0.5236,-0.1687,-0.0441,0.9909,0.0951,1.0091
2,167,side,lead,hook,1.6441,-0.1256,0.101,0.0753,1.1175,-0.1636,-0.1939,0.4304,0.4936,-0.0795,-0.4936,0.0795,0.2474,-0.2318,0.4523,0.9332,-0.1913,0.983
2,186,side,lead,hook,1.2265,0.0274,1.5037,-0.0052,0.4579,0.0833,1.1203,0.0467,-0.3656,-0.0017,0.3656,0.0017,0.5162,-0.1609,-0.0914,0.9932,0.1018,1.0067
2,224,side,lead,uppercut,1.3318,-0.1066,0.2255,0.009,1.1173,0.2314,-0.1471,0.357,0.4718,0.0084,-0.4718,-0.0084,0.4041,-0.2389,0.3419,0.989,-0.2774,1.011
2,243,side,rear,uppercut,0.5398,-0.0809,1.4282,-0.1621,0.1014,0.1213,1.2904,0.2181,-0.337,-0.0497,0.337,0.0497,0.5824,-0.1948,-0.1497,0.9816,-0.0804,1.0184
2,282,side,rear,uppercut,0.5581,0.0574,1.4758,-0.1444,0.1271,0.1571,1.2754,0.222,-0.259,-0.0468,0.259,0.0468,0.6041,-0.1996,-0.0484,0.9875,-0.0782,1.0125
2,305,side,lead,uppercut,1.2666,-0.0224,0.2623,0.0257,1.0018,0.288,-0.1798,0.3835,0.4645,0.0068,-0.4645,-0.0068,0.428,-0.2428,0.3297,0.9882,-0.2911,1.0118
2,329,side,lead,jab,2.0969,-0.1678,0.1806,0.0635,1.2896,-0.0947,-0.1978,0.4256,0.4979,-0.0406,-0.4979,0.0406,0.346,-0.1998,0.3259,0.9827,-0.3019,1.0173
2,345,side,rear,cross,0.6234,-0.0062,2.1195,-0.1148,0.2348,0.067,1.2932,-0.0606,-0.3222,-0.0014,0.3222,0.0014,0.5133,-0.132,-0.017,0.9898,0.0061,1.0102
2,379,side,lead,hook,1.5256,-0.0549,0.0885,0.1207,1.1099,-0.1148,-0.2678,0.4549,0.4961,-0.0627,-0.4961,0.0627,0.3063,-0.2014,0.3433,0.9754,-0.2817,1.0129
2,394,side,lead,hook,1.16,0.0082,1.568,-0.0545,0.4626,0.069,1.3001,0.0318,-0.3021,-0.0181,0.3021,0.0181,0.5519,-0.1622,-0.0218,0.9894,0.0134,1.0106
2,433,side,lead,uppercut,1.2208,-0.0446,0.239,0.0186,1.0542,0.2756,-0.2019,0.3849,0.4638,0.0123,-0.4638,-0.0123,0.4135,-0.23,0.3388,0.9883,-0.2887,1.0117
2,446,side,rear,uppercut,0.4867,0.0279,1.3338,-0.1666,0.0397,0.1564,1.2236,0.2299,-0.3188,-0.0483,0.3188,0.0483,0.5753,-0.2094,-0.1358,0.9818,-0.0532,1.0182
2,478,side,lead,jab,2.0466,-0.1708,0.3041,0.0879,1.2516,-0.1005,-0.101,0.4393,0.4394,-0.0267,-0.4394,0.0267,0.4358,-0.2199,0.2808,0.9877,-0.3027,1.0123
2,489,side,rear,cross,0.5233,-0.0156,2.175,-0.0659,0.0978,0.0412,1.3686,-0.022,-0.3521,-0.0146,0.3521,0.0146,0.5122,-0.1178,-0.1242,0.988,0.0302,1.012
2,523,side,lead,hook,1.5154,-0.0733,0.1104,0.0837,1.1199,-0.1014,-0.1798,0.4257,0.4971,-0.054,-0.4971,0.054,0.3162,-0.2018,0.3422,0.9552,-0.2892,0.9869
2,544,side,lead,hook,1.2146,0.0383,1.5832,-0.0289,0.6032,0.1234,1.1932,0.061,-0.2264,0.0003,0.2264,-0.0003,0.5451,-0.1639,0.0863,0.9954,0.0006,1.0045
2,577,side,rear,uppercut,0.5635,-0.0559,1.4402,-0.1241,0.0921,0.0963,1.3053,0.256,-0.3499,-0.0629,0.3499,0.0629,0.5872,-0.1875,-0.2628,0.9839,-0.0927,1.0161
2,597,side,lead,uppercut,1.2313,-0.0236,0.2952,0.021,1.0239,0.295,-0.1086,0.3765,0.4344,0.0146,-0.4344,-0.0146,0.4414,-0.2221,0.2988,0.9924,-0.3235,1.0076
3,47,front,lead,jab,0.1288,-0.6736,-0.7957,-0.0342,0.6171,-0.295,-0.9838,0.5766,0.498,-0.0448,-0.498,0.0448,-0.3668,-0.481,0.5206,1.4453,-0.1885,1.4423
3,72,front,lead,jab,0.1785,-0.6532,-0.8159,0.0079,0.4697,-0.3017,-0.9148,0.5803,0.4991,-0.0293,-0.4991,0.0293,-0.3187,-0.4231,0.4836,1.3919,-0.231,1.3987
3,105,front,lead,jab,0.0421,-0.6189,-0.7138,0.1222,0.5947,-0.301,-0.8264,0.6382,0.4955,-0.0667,-0.4955,0.0667,-0.263,-0.418,0.4142,1.3239,-0.3803,1.328
3,114,front,rear,cross,0.6363,-0.0546,0.1689,-0.5168,0.8047,0.4523,-0.3046,-0.2645,0.4994,0.0254,-0.4994,-0.0254,0.1819,-0.3156,0.392,1.0745,-0.3681,1.0536
3,124,front,lead,hook,-0.4984,-0.5046,-0.8314,0.0321,0.6352,-0.247,-0.8478,0.6835,0.4917,-0.0909,-0.4917,0.0909,-0.4997,-0.3364,0.6474,1.543,-0.1514,1.5391
3,148,front,lead,jab,0.154,-0.6337,-0.6708,0.1201,0.6194,-0.2963,-0.7596,0.6508,0.4958,-0.065,-0.4958,0.065,-0.272,-0.4117,0.4831,1.3627,-0.3082,1.3733
3,158,front,rear,cross,0.8368,0.0258,0.4102,-0.5338,0.8089,0.6576,-0.182,-0.2789,0.4949,0.071,-0.4949,-0.071,0.56,-0.2763,0.1435,1.3542,-0.7335,1.3034
3,215,front,lead,jab,0.1634,-0.5222,-0.6546,0.1207,0.6869,-0.1893,-0.7211,0.5749,0.4978,-0.0466,-0.4978,0.0466,-0.251,-0.368,0.4238,1.1741,-0.3404,1.1745
3,222,front,rear,cross,0.6235,0.0339,0.1686,-0.4493,0.7077,0.4991,-0.1967,-0.2511,0.498,0.0442,-0.498,-0.0442,0.2925,-0.3032,0.3178,1.0772,-0.4467,1.0524
3,247,front,lead,jab,0.1759,-0.5894,-0.6492,0.1069,0.5837,-0.2392,-0.7875,0.6232,0.498,-0.0441,-0.498,0.0441,-0.2554,-0.4193,0.4684,1.3821,-0.2832,1.3873
3,256,front,rear,cross,0.683,0.0131,0.2072,-0.5454,0.7654,0.5483,-0.1763,-0.2827,0.4958,0.0647,-0.4958,-0.0647,0.3693,-0.3217,0.2449,1.2236,-0.5873,1.1777
3,293,front,lead,jab,0.091,-0.5899,-0.7295,0.129,0.5847,-0.2701,-0.7276,0.6143,0.4966,-0.0584,-0.4966,0.0584,-0.2716,-0.4046,0.3927,1.244,-0.375,1.2431
3,302,front,rear,cross,0.6926,-0.0019,0.1901,-0.516,0.8068,0.5381,-0.3951,-0.2186,0.4963,0.0607,-0.4963,-0.0607,0.3462,-0.3448,0.3447,1.1927,-0.4855,1.1527
3,326,front,lead,jab,0.0424,-0.6307,-0.7156,0.0989,0.5782,-0.2898,-0.7833,0.6716,0.4947,-0.0723,-0.4947,0.0723,-0.2963,-0.4438,0.4494,1.3994,-0.3309,1.4056
3,336,front,rear,cross,0.6619,0.0356,0.2488,-0.5419,0.7781,0.579,-0.4094,-0.213,0.4964,0.0597,-0.4964,-0.0597,0.231,-0.3608,0.3202,1.231,-0.5121,1.1921
4,13,side,lead,jab,2.09,-0.3274,0.0535,-0.0609,1.2455,-0.1448,-0.4019,0.3178,0.4998,-0.0143,-0.4998,0.0143,0.3182,-0.2565,0.3614,0.9841,-0.3112,0.9898
4,38,side,lead,jab,2.1694,-0.31,0.1898,-0.0521,1.2707,-0.1447,-0.1389,0.3546,0.4991,-0.0295,-0.4991,0.0295,0.3211,-0.2212,0.3906,0.9878,-0.2979,1.0005
4,61,side,lead,jab,2.049,-0.2322,0.1429,-0.0104,1.2246,-0.1268,-0.2284,0.4085,0.4794,-0.0238,-0.4794,0.0238,0.3405,-0.2218,0.3025,0.9903,-0.3402,1.0097
4,71,side,rear,cross,0.3112,0.5084,2.1763,-0.1558,-0.0779,0.3641,1.2123,-0.0783,-0.1878,0.0478,0.1878,-0.0478,0.5837,-0.0873,-0.068,1.0122,-0.2873,0.9878
4,99,side,lead,jab,1.9998,-0.2064,0.196,0.0149,1.1976,-0.0812,-0.192,0.4193,0.4672,-0.0171,-0.4672,0.0171,0.3509,-0.2186,0.2916,0.988,-0.3478,1.012
4,109,side,rear,cross,0.6836,0.1858,1.9474,-0.2281,0.3828,0.5099,0.9481,-0.1437,0.0724,0.1109,-0.0724,-0.1109,0.5293,-0.1653,0.1489,1.012,-0.2907,0.988
4,125,side,rear,hook,1.1301,0.0794,0.3316,0.0066,0.9573,0.3532,-0.042,0.4121,0.4107,-0.0172,-0.4107,0.0172,0.4237,-0.2464,0.4685,0.9819,-0.1836,1.0181
4,149,side,lead,jab,1.9876,-0.2235,0.197,0.0406,1.1563,-0.1084,-0.2444,0.4295,0.4446,-0.013,-0.4446,0.013,0.3722,-0.217,0.3336,0.9893,-0.3245,1.0107
4,159,side,rear,cross,0.6886,0.3539,1.8276,-0.1263,0.2273,0.3805,1.0681,-0.0102,-0.0395,0.0599,0.0395,-0.0599,0.5197,-0.1015,0.0268,1.0093,-0.3545,0.9907
4,173,side,rear,hook,1.0805,0.0655,0.2875,0.0033,1.0006,0.3637,-0.1407,0.4004,0.4353,0.0106,-0.4353,-0.0106,0.3634,-0.2304,0.3258,0.9938,-0.3619,1.0062
4,182,side,lead,jab,1.9621,-0.2331,0.2634,0.1057,1.2201,-0.0972,-0.2501,0.4439,0.447,-0.0142,-0.447,0.0142,0.3867,-0.1781,0.2451,0.9998,-0.3981,1.0002
4,191,side,rear,cross,0.5806,0.1259,1.9735,-0.1382,0.2275,0.1977,1.1176,-0.0717,-0.0596,0.0427,0.0596,-0.0427,0.5721,-0.0862,-0.0496,1.0123,-0.3601,0.9877
4,217,side,lead,jab,1.9023,-0.1885,0.1775,0.0542,1.1785,-0.0691,-0.3131,0.418,0.4572,-0.009,-0.4572,0.009,0.3483,-0.2074,0.2701,0.9993,-0.414,1.0007
4,226,side,rear,hook,0.5633,0.2691,1.6905,-0.1829,0.1915,0.4018,0.9585,-0.0761,0.0867,0.0706,-0.0867,-0.0706,0.655,-0.1636,0.0935,1.0111,-0.334,0.9889
5,24,front,lead,jab,0.8106,-0.0355,-0.1905,-0.9453,0.9547,0.5269,-0.2192,-0.5006,0.4904,0.0973,-0.4904,-0.0973,0.2074,-0.4469,0.3769,1.3184,-0.4256,1.286
5,54,front,rear,cross,0.1858,-0.5903,-0.5938,-0.0401,0.3645,-0.2478,-0.8853,0.3698,0.4987,-0.0362,-0.4987,0.0362,-0.1299,-0.3041,0.4032,1.0234,-0.3896,1.0243
5,87,front,rear,hook,0.7972,0.0122,0.1335,-0.6521,0.9153,0.5271,-0.9783,-0.4924,0.4792,0.1427,-0.4792,-0.1427,0.3612,-0.3573,0.2695,1.1954,-0.4941,1.162
5,119,front,lead,hook,0.19,-0.4329,-0.5873,-0.0478,1.0564,-0.2324,-0.9037,0.3473,0.4978,-0.0466,-0.4978,0.0466,-0.0976,-0.2539,0.3486,0.986,-0.3865,0.9789
5,150,front,rear,hook,0.7786,0.0093,0.2244,-0.6741,0.8873,0.4858,-0.8851,-0.475,0.4805,0.1384,-0.4805,-0.1384,0.3297,-0.3618,0.2374,1.0896,-0.4984,1.0579
5,178,front,lead,hook,0.1685,-0.4108,-0.6389,-0.0581,1.0906,-0.2325,-0.9654,0.3236,0.4978,-0.0471,-0.4978,0.0471,-0.1279,-0.2568,0.3634,0.9765,-0.4096,0.9767
5,208,front,rear,uppercut,0.7489,-0.0369,-0.2327,-0.7197,1.0922,0.4479,-0.6112,-0.0936,0.4991,0.0305,-0.4991,-0.0305,0.0836,-0.4075,0.4976,1.2433,-0.2982,1.2496
5,236,front,lead,uppercut,0.2115,-0.4209,-0.5443,-0.0677,0.5174,0.1058,-0.8828,0.3447,0.4996,-0.0208,-0.4996,0.0208,-0.0835,-0.2723,0.3542,1.0378,-0.4512,1.0339
5,267,front,rear,uppercut,0.7263,0.0003,-0.2321,-0.529,1.1072,0.5056,-0.5593,0.0862,0.4973,0.0521,-0.4973,-0.0521,0.1732,-0.3729,0.5514,1.284,-0.2421,1.2849
5,295,front,lead,uppercut,0.1879,-0.337,-0.5186,-0.0733,0.4709,0.139,-0.8547,0.3077,0.4999,-0.0095,-0.4999,0.0095,-0.1216,-0.2591,0.3199,0.959,-0.4391,0.954
5,321,front,rear,hook,0.9864,-0.0205,0.3637,-0.6189,1.1065,0.5813,-1.1436,-0.4687,0.4821,0.1325,-0.4821,-0.1325,0.514,-0.4026,0.3081,1.3461,-0.5146,1.3184
5,353,front,lead,hook,0.0465,-0.3138,-0.5938,-0.0581,1.0394,-0.1639,-0.9257,0.3336,0.4992,-0.029,-0.4992,0.029,-0.0643,-0.2684,0.3635,1.0328,-0.4572,1.0293
5,385,front,lead,jab,0.7881,-0.0303,-0.1185,-0.9367,0.913,0.5027,-0.2915,-0.4878,0.4947,0.0726,-0.4947,-0.0726,0.2549,-0.4014,0.2506,1.2243,-0.5142,1.2048
5,426,front,rear,cross,0.4132,-0.5091,-0.4795,-0.0757,0.6913,-0.1808,-0.8885,0.3001,0.4995,-0.0224,-0.4995,0.0224,-0.0374,-0.2828,0.4275,0.9424,-0.3276,0.947
5,451,front,rear,hook,0.9134,-0.0227,0.5852,-0.7076,1.0613,0.5597,-1.0076,-0.6016,0.4839,0.1257,-0.4839,-0.1257,0.4843,-0.3915,0.1696,1.3087,-0.6836,1.2639
5,483,front,lead,hook,0.0783,-0.4217,-0.6002,-0.063,1.0733,-0.3107,-0.9483,0.3522,0.4969,-0.0556,-0.4969,0.0556,-0.0376,-0.2617,0.4399,1.0119,-0.3804,1.0185
5,513,front,lead,jab,0.798,-0.0344,-0.0982,-0.911,0.9644,0.4927,-0.4141,-0.4681,0.4943,0.0753,-0.4943,-0.0753,0.2736,-0.3905,0.2516,1.1998,-0.5279,1.1799
5,545,front,rear,cross,0.2082,-0.588,-0.6111,-0.0979,0.4223,-0.2203,-0.8983,0.3011,0.4996,-0.0211,-0.4996,0.0211,-0.1782,-0.3392,0.3529,0.9705,-0.3949,0.963
5,574,front,rear,hook,0.9952,-0.006,0.8945,-0.7927,1.0352,0.6114,-0.7992,-0.5824,0.4667,0.1793,-0.4667,-0.1793,0.6494,-0.5027,0.2252,1.4524,-0.6341,1.396
5,604,front,lead,hook,0.0331,-0.1813,-0.6014,-0.0358,1.0331,-0.0553,-0.9349,0.3516,0.4996,-0.0201,-0.4996,0.0201,-0.1313,-0.2807,0.3452,0.924,-0.3846,0.915
6,16,side,lead,jab,0.1463,-0.0735,-1.8696,-0.0579,0.3731,0.2251,-1.1713,-0.0165,0.4999,0.0097,-0.4999,-0.0097,-0.2027,-0.2104,0.3053,0.7669,-0.3538,0.758
6,35,side,rear,cross,-2.2828,0.0037,-0.6229,0.5492,-1.3732,-0.0032,-0.1277,0.5448,-0.1283,-0.0769,0.1283,0.0769,-0.518,-0.212,0.1962,0.9895,-0.2065,1.0105
6,59,side,rear,hook,0.2206,-0.0615,-1.3631,-0.0817,0.4573,0.2521,-1.1048,0.0427,0.4997,0.0171,-0.4997,-0.0171,-0.1914,-0.1906,0.3225,0.7543,-0.3475,0.7462
6,86,side,rear,cross,-2.2277,-0.0014,-0.467,0.9192,-1.3611,0.0008,0.0735,0.5699,-0.1741,-0.0539,0.1741,0.0539,-0.5498,-0.1779,0.1554,0.993,-0.2058,1.007
6,122,side,lead,jab,-0.026,-0.0933,-1.4955,-0.0201,0.2353,0.2424,-1.0441,0.1246,0.4999,-0.0098,-0.4999,0.0098,-0.2949,-0.2392,0.341,0.781,-0.3536,0.7828
6,140,side,rear,cross,-2.3957,-0.0118,-0.8637,0.3039,-1.4399,0.0044,-0.2955,0.4904,-0.1926,-0.0616,0.1926,0.0616,-0.5722,-0.2331,0.1139,0.9883,-0.1855,1.0117
6,161,side,rear,hook,0.2443,-0.0602,-1.3385,-0.1057,0.4962,0.2237,-1.0997,-0.0276,0.4991,0.0303,-0.4991,-0.0303,-0.1574,-0.1918,0.2844,0.7348,-0.37,0.7189
6,189,side,rear,hook,-1.7231,-0.0722,-0.7702,0.1855,-1.3524,-0.0994,-0.2524,0.4888,-0.2609,-0.0637,0.2609,0.0637,-0.6442,-0.1673,0.0586,0.9927,-0.1162,1.0073
6,213,side,rear,uppercut,0.0985,-0.0917,-1.3343,0.0047,0.4791,0.1527,-1.03,0.2416,0.4991,-0.03,-0.4991,0.03,-0.2762,-0.1779,0.4441,0.77,-0.2487,0.7758
6,235,side,rear,uppercut,-1.6207,0.0371,-1.0741,0.1947,-0.964,0.3248,-0.6948,0.4658,-0.0751,-0.0311,0.0751,0.0311,-0.5624,-0.1738,0.1743,1.001,-0.2576,0.999
6,265,side,rear,uppercut,0.0753,-0.0903,-1.3772,0.0317,0.5192,0.1771,-1.0083,0.2739,0.4986,-0.037,-0.4986,0.037,-0.356,-0.1636,0.4463,0.7792,-0.2741,0.7857
6,294,side,rear,uppercut,-1.6236,0.0376,-1.1087,0.2483,-1.0261,0.3298,-0.5748,0.4523,-0.0867,-0.0172,0.0867,0.0172,-0.6793,-0.1408,0.2209,1.0016,-0.2786,0.9984
6,316,side,rear,uppercut,0.041,-0.1059,-1.3969,-0.0046,0.4343,0.1792,-1.0755,0.2641,0.4962,-0.0617,-0.4962,0.0617,-0.4103,-0.1847,0.4536,0.7784,-0.2598,0.7935
6,341,side,rear,uppercut,-1.5975,0.0386,-0.9702,0.2262,-1.0478,0.3041,-0.5628,0.4799,-0.0921,-0.037,0.0921,0.037,-0.6347,-0.1484,0.2143,0.996,-0.1742,1.004
6,364,side,rear,uppercut,0.0418,-0.0847,-1.2882,0.0202,0.4742,0.1928,-1.0601,0.2927,0.495,-0.0706,-0.495,0.0706,-0.3691,-0.1833,0.4635,0.7965,-0.2557,0.8125
6,391,side,rear,hook,0.2995,-0.0386,-1.277,-0.0471,0.5779,0.2581,-1.1123,0.015,0.4994,0.0246,-0.4994,-0.0246,-0.1681,-0.1597,0.3358,0.7504,-0.3392,0.7395
6,419,side,lead,hook,-1.6375,-0.0623,-0.7815,0.116,-1.024,-0.0949,-0.553,0.4508,-0.0042,-0.1206,0.0042,0.1206,-0.5559,-0.1812,0.3339,0.9851,-0.1541,1.0149
6,436,side,rear,hook,0.3105,-0.0633,-1.3872,-0.0561,0.6662,0.2383,-1.0964,0.0226,0.4993,0.0257,-0.4993,-0.0257,-0.1441,-0.1831,0.3961,0.7495,-0.287,0.7451
6,470,side,lead,hook,-1.6024,-0.0504,-0.8872,0.1237,-1.0611,-0.0549,-0.5816,0.4635,-0.0527,-0.1024,0.0527,0.1024,-0.5621,-0.1868,0.2556,0.9915,-0.1709,1.0085
6,494,side,rear,hook,0.2636,-0.0492,-1.3431,-0.0098,0.6274,0.2454,-1.1021,0.0845,0.4998,0.015,-0.4998,-0.015,-0.212,-0.1826,0.32,0.7792,-0.3733,0.7683
6,514,side,lead,jab,0.2576,-0.0698,-1.7931,-0.0675,0.6241,0.2159,-1.1262,-0.0446,0.4998,0.0146,-0.4998,-0.0146,-0.1994,-0.1724,0.3691,0.7253,-0.2857,0.7232
6,552,side,rear,cross,-2.0373,-0.0874,-1.1111,0.0157,-1.1762,-0.0244,-0.6899,0.4146,0.0894,-0.1204,-0.0894,0.1204,-0.5054,-0.2163,0.2755,0.9888,-0.2713,1.0112
6,579,side,lead,jab,0.1099,-0.0715,-1.4914,0.0022,0.3874,0.2436,-1.0432,0.1168,0.4997,-0.0161,-0.4997,0.0161,-0.3068,-0.2144,0.3483,0.7582,-0.3443,0.7598
6,602,side,rear,cross,-2.287,-0.0282,-0.8298,0.2605,-1.3667,0.0294,-0.3032,0.4664,-0.1703,-0.052,0.1703,0.052,-0.6027,-0.1349,0.2239,0.9897,-0.1286,1.0103
6,635,side,lead,jab,-0.0261,-0.0675,-1.4248,-0.0121,0.3849,0.2517,-1.0539,0.16,0.4997,-0.0161,-0.4997,0.0161,-0.3547,-0.2218,0.3467,0.7942,-0.3414,0.7961
6,662,side,rear,cross,-1.9836,-0.0957,-1.2381,0.0381,-1.1543,0.0163,-0.6998,0.4275,0.0995,-0.1159,-0.0995,0.1159,-0.5606,-0.2157,0.2484,0.9889,-0.33,1.0111
6,676,side,rear,hook,0.2518,-0.0565,-1.3768,-0.0531,0.575,0.2353,-1.057,0.029,0.4999,0.0119,-0.4999,-0.0119,-0.1758,-0.1797,0.3617,0.7248,-0.297,0.7213
6,714,side,lead,hook,-1.6655,-0.062,-0.8218,0.1782,-1.0229,-0.0871,-0.5499,0.4998,-0.0521,-0.1186,0.0521,0.1186,-0.6546,-0.1477,0.2386,0.9899,-0.1789,1.0101
6,739,side,rear,uppercut,0.1724,-0.064,-1.3197,0.0297,0.7364,0.1856,-0.9702,0.273,0.4982,-0.0427,-0.4982,0.0427,-0.3561,-0.17,0.5048,0.7434,-0.2122,0.7562
6,761,side,rear,uppercut,-1.6826,0.0469,-0.493,0.9279,-1.0602,0.3133,0.065,0.5935,-0.148,-0.0298,0.148,0.0298,-0.6267,-0.188,0.2297,0.9826,-0.1285,1.0174
6,795,side,rear,hook,0.3082,-0.0357,-1.2972,-0.0135,0.6017,0.2573,-1.0841,0.0418,0.4997,0.0181,-0.4997,-0.0181,-0.1543,-0.1726,0.353,0.7336,-0.321,0.7284
6,819,side,rear,hook,-1.747,0.0324,-0.4788,1.0191,-1.2418,-0.056,-0.069,0.6251,-0.1853,-0.0733,0.1853,0.0733,-0.6698,-0.114,0.2543,0.9887,-0.0129,1.0113
6,846,side,rear,hook,0.34,-0.0658,-1.2935,-0.0258,0.7662,0.2102,-1.1128,0.0318,0.4997,0.0159,-0.4997,-0.0159,-0.1698,-0.1831,0.431,0.7496,-0.2721,0.7451
6,871,side,rear,hook,-1.5641,0.0389,-0.6851,0.2344,-1.2044,-0.0186,-0.1701,0.4675,-0.2376,-0.0522,0.2376,0.0522,-0.5812,-0.1097,0.2634,0.9933,-0.0302,1.0067
6,902,side,lead,jab,0.164,-0.061,-1.8013,-0.0446,0.5441,0.2356,-1.1356,0.0096,0.5,0.0041,-0.5,-0.0041,-0.2177,-0.1717,0.3957,0.7311,-0.273,0.7269
6,932,side,rear,cross,-1.7368,-0.0145,-1.1772,0.1106,-0.8822,0.0792,-0.7633,0.4018,0.2315,-0.0941,-0.2315,0.0941,-0.5151,-0.2407,0.3336,0.992,-0.3079,1.008
6,959,side,lead,jab,0.1122,-0.0625,-1.4982,-0.0209,0.4339,0.2421,-1.0444,0.1036,0.4999,-0.0077,-0.4999,0.0077,-0.2714,-0.1982,0.353,0.7366,-0.318,0.7354
6,979,side,rear,cross,-2.2124,-0.0036,-0.6739,0.5254,-1.3263,0.024,-0.1278,0.479,-0.1796,-0.0517,0.1796,0.0517,-0.683,-0.1076,0.1721,0.9897,-0.1275,1.0103
6,1006,side,rear,uppercut,0.2117,0.1136,-1.268,0.0564,0.8624,0.2871,-0.9253,0.2775,0.4991,-0.0296,-0.4991,0.0296,-0.3776,-0.1692,0.4562,0.7421,-0.2353,0.7441
6,1028,side,rear,uppercut,-1.6008,0.0572,-0.8178,0.2276,-1.0309,0.3365,-0.4191,0.4844,-0.0949,-0.0184,0.0949,0.0184,-0.6212,-0.176,0.2803,0.9876,-0.1665,1.0124
7,26,front,lead,jab,0.1866,-0.0938,-1.8702,-0.099,0.5217,0.1894,-1.1965,-0.0105,0.5,-0.0022,-0.5,0.0022,-0.1726,-0.2025,0.4335,0.7651,-0.2484,0.7719
7,63,front,rear,cross,-14.3424,-0.2969,-5.1341,0.5468,-8.1313,-0.171,-4.0552,2.8904,0.0435,-0.4981,-0.0435,0.4981,-3.1007,-1.5473,2.2767,6.7799,-1.283,6.9449
7,98,front,rear,hook,0.1528,-0.0593,-1.3193,-0.0434,0.4459,0.224,-1.141,0.0176,0.4996,0.0211,-0.4996,-0.0211,-0.2199,-0.1693,0.4069,0.7748,-0.2585,0.7792
7,127,front,lead,hook,-6.1476,-0.1953,-2.6589,0.4406,-3.8347,-0.4037,-1.822,1.6728,-0.2849,-0.4109,0.2849,0.4109,-2.1482,-0.5815,0.76,3.4106,-0.4531,3.5499
7,156,front,rear,uppercut,0.0382,-0.0674,-1.3497,0.0168,0.5653,0.2044,-1.0441,0.3017,0.4979,-0.0458,-0.4979,0.0458,-0.3858,-0.1803,0.5051,0.8284,-0.2275,0.8498
7,182,front,rear,uppercut,-12.8446,-0.4834,-7.7014,1.928,-8.6795,2.1483,-5.213,3.7182,-0.4572,-0.2023,0.4572,0.2023,-4.6679,-1.5094,2.7059,8.4155,-1.5025,8.5902
7,213,front,rear,hook,0.2471,-0.0553,-1.3444,-0.0466,0.5974,0.2201,-1.1226,0.0292,0.4999,0.0105,-0.4999,-0.0105,-0.1674,-0.1676,0.4411,0.7615,-0.2437,0.766
7,241,front,lead,hook,-5.7529,-0.088,-2.4372,0.4743,-3.4653,-0.3073,-1.7568,1.5344,-0.3317,-0.3741,0.3317,0.3741,-2.3013,-0.2913,0.4965,3.0623,-0.2596,3.1886
7,273,front,rear,hook,0.2314,-0.0589,-1.3268,-0.0321,0.5839,0.2233,-1.1077,0.0422,0.4998,0.0148,-0.4998,-0.0148,-0.2003,-0.169,0.4015,0.7399,-0.266,0.743
7,297,front,rear,cross,-4.6267,-0.0106,-1.7801,1.2014,-2.8069,0.0258,-0.2844,1.0952,-0.4622,-0.1906,0.4622,0.1906,-1.1737,-0.218,0.3858,1.8884,-0.0555,1.9804
7,327,front,lead,jab,0.1251,-0.0627,-1.8295,-0.0144,0.4475,0.2108,-1.1635,0.0053,0.5,-0.0001,-0.5,0.0001,-0.2593,-0.1791,0.4625,0.7409,-0.2292,0.7395
7,367,front,rear,cross,-4.864,-0.1031,-3.1491,0.0266,-2.5558,0.0639,-1.7838,1.0228,0.4125,-0.2826,-0.4125,0.2826,-1.3444,-0.584,1.0449,2.5605,-0.5474,2.6387
7,399,front,lead,jab,-0.0156,-0.0664,-1.5061,-0.0195,0.4132,0.255,-1.0585,0.1415,0.4997,-0.0176,-0.4997,0.0176,-0.3445,-0.1976,0.3983,0.8017,-0.3013,0.8078
7,419,front,rear,cross,-4.1943,0.0325,-0.6747,1.6989,-2.5821,0.0294,0.5259,1.0935,-0.4862,-0.1165,0.4862,0.1165,-1.1608,-0.2879,0.2187,1.691,-0.1007,1.7676
7,460,front,lead,jab,-0.0282,-0.0861,-1.4121,-0.0032,0.4564,0.2044,-1.0089,0.1407,0.4996,-0.0194,-0.4996,0.0194,-0.2592,-0.2062,0.4333,0.7734,-0.2682,0.7786
7,482,front,rear,cross,-7.4074,-0.0308,-1.6647,2.5855,-4.3973,0.0094,0.1298,1.8249,-0.4558,-0.2056,0.4558,0.2056,-1.8642,-0.4857,0.83,3.0733,-0.3994,3.1818
7,513,front,rear,uppercut,0.0821,-0.0735,-1.3465,-0.0073,0.545,0.2053,-1.0459,0.2767,0.498,-0.0446,-0.498,0.0446,-0.3275,-0.183,0.5391,0.7739,-0.1839,0.7958
7,542,front,rear,uppercut,-12.1749,0.1316,-6.5574,1.908,-7.567,2.4481,-3.3945,3.8561,-0.4713,-0.1668,0.4713,0.1668,-4.6216,-1.331,2.6052,7.8339,-1.1757,7.9643
7,581,front,lead,hook,0.1554,-0.0812,-1.1453,-0.0588,0.703,0.2317,-1.0892,0.1685,0.4995,-0.0212,-0.4995,0.0212,-0.2504,-0.2211,0.4579,0.8031,-0.276,0.8075
7,605,front,rear,hook,-6.2026,-0.0439,-2.8159,0.3967,-3.5996,-0.4813,-1.9937,1.4888,-0.2438,-0.4365,0.2438,0.4365,-2.4953,-0.1213,0.7779,3.2509,-0.3492,3.3613
7,638,front,rear,hook,0.276,-0.021,-1.3582,-0.0519,0.6504,0.2383,-1.1169,0.0214,0.4996,0.0196,-0.4996,-0.0196,-0.1534,-0.1679,0.4441,0.7448,-0.2383,0.7483
7,669,front,rear,hook,-4.8001,-0.1695,-2.2249,0.3413,-3.0851,-0.3626,-1.3082,1.1833,-0.3764,-0.3291,0.3764,0.3291,-2.0312,0.0677,0.8597,2.6426,-0.0671,2.737
7,700,front,rear,hook,0.2973,-0.017,-1.3105,-0.0419,0.6769,0.2345,-1.1107,0.0344,0.4998,0.0137,-0.4998,-0.0137,-0.1923,-0.1622,0.426,0.7365,-0.2521,0.7413
7,729,front,rear,uppercut,-4.9776,0.3355,-1.3668,2.6177,-3.0509,1.1028,0.1174,1.6076,-0.4996,-0.0191,0.4996,0.0191,-1.8456,-0.5038,0.794,2.8373,-0.0296,2.8891
7,758,front,rear,uppercut,0.0443,-0.0723,-1.381,-0.0134,0.4919,0.1994,-1.1008,0.268,0.4974,-0.0507,-0.4974,0.0507,-0.343,-0.1853,0.5636,0.7668,-0.14,0.7915
7,799,front,lead,hook,0.1165,-0.0537,-1.2028,-0.011,0.4483,0.2373,-1.017,0.1448,0.5,-0.0017,-0.5,0.0017,-0.2609,-0.1857,0.3719,0.7528,-0.3049,0.7569
7,837,front,rear,uppercut,0.0662,-0.0608,-1.4283,0.0577,0.6064,0.1996,-1.0097,0.2961,0.4973,-0.0515,-0.4973,0.0515,-0.4309,-0.1321,0.5461,0.7933,-0.169,0.8086
7,884,front,rear,uppercut,0.087,-0.0824,-1.3981,0.0436,0.6553,0.1589,-1.0268,0.2905,0.4977,-0.0482,-0.4977,0.0482,-0.3982,-0.1553,0.5309,0.7906,-0.1734,0.8139
7,919,front,rear,uppercut,-5.781,0.2871,-3.284,0.5361,-3.4158,1.2302,-1.6799,1.4806,-0.4995,-0.022,0.4995,0.022,-2.2946,-0.5163,0.8084,3.2725,-0.24,3.3451
7,958,front,rear,uppercut,0.1896,-0.0541,-1.4413,0.0246,0.7576,0.215,-1.0655,0.2726,0.4978,-0.0474,-0.4978,0.0474,-0.3889,-0.1913,0.5509,0.7544,-0.1455,0.7763
7,992,front,rear,uppercut,-9.8843,0.3138,-6.4521,1.297,-5.9757,2.1613,-3.0924,2.9489,-0.4962,-0.0617,0.4962,0.0617,-4.0631,-0.6647,1.6571,6.1268,-1.04,6.2017
7,1025,front,rear,hook,0.3787,-0.0155,-1.2315,-0.0414,0.7103,0.2427,-1.1247,0.026,0.4996,0.019,-0.4996,-0.019,-0.1301,-0.164,0.3956,0.7446,-0.276,0.7472
7,1051,front,rear,hook,-4.014,0.1379,-1.8619,0.5096,-3.2466,-0.0665,-0.6648,1.3258,-0.4653,-0.183,0.4653,0.183,-1.5791,-0.2945,0.6387,2.4278,-0.0603,2.4942
7,1087,front,rear,hook,0.2732,-0.0398,-1.2929,0.0032,0.6851,0.2204,-1.1049,0.0852,0.4999,0.0101,-0.4999,-0.0101,-0.2128,-0.1657,0.3974,0.7547,-0.2776,0.7579
7,1117,front,lead,hook,-5.5877,0.0034,-2.5797,0.5226,-3.5534,-0.1962,-1.6713,1.5631,-0.3033,-0.3975,0.3033,0.3975,-2.1731,-0.1636,1.0214,3.1493,-0.0413,3.2658
7,1152,front,lead,jab,0.1529,-0.0566,-1.654,0.0061,0.5744,0.2149,-1.0867,0.0847,0.4999,-0.0085,-0.4999,0.0085,-0.288,-0.1764,0.4196,0.7425,-0.2576,0.7408
7,1176,front,rear,cross,-8.4014,0.0132,-2.983,1.0248,-4.8556,0.039,-0.7993,1.7562,-0.4677,-0.1768,0.4677,0.1768,-2.1968,-0.6434,0.9915,3.4923,-0.4555,3.5896
7,1212,front,lead,jab,0.1684,-0.0577,-1.7993,0.0115,0.5393,0.2277,-1.1481,0.045,0.5,-0.0028,-0.5,0.0028,-0.2613,-0.1733,0.3768,0.7319,-0.283,0.7295
7,1235,front,rear,cross,-5.8841,0.1298,-1.7675,0.7423,-3.712,0.1664,-0.5164,0.6519,-0.4969,-0.0554,0.4969,0.0554,-1.7458,-0.1808,0.7221,2.4996,-0.257,2.5504
7,1276,front,lead,jab,0.0851,-0.05,-1.749,0.0352,0.4395,0.2391,-1.1082,0.0804,0.4998,-0.014,-0.4998,0.014,-0.3227,-0.1708,0.3852,0.7758,-0.298,0.7797
7,1304,front,rear,cross,-4.4569,0.0803,-0.8836,1.7922,-2.7571,0.0737,0.3558,1.0968,-0.4894,-0.1024,0.4894,0.1024,-1.3731,-0.2329,0.2369,1.8969,-0.1731,1.9674
7,1337,front,lead,jab,0.0921,-0.0733,-1.6383,-0.0164,0.4298,0.2247,-1.0839,0.077,0.4999,-0.012,-0.4999,0.012,-0.3098,-0.1849,0.4315,0.7711,-0.2598,0.7735
7,1362,front,rear,cross,-5.3578,0.0697,-0.8669,2.1403,-3.2053,0.0781,0.5767,1.3843,-0.4827,-0.1305,0.4827,0.1305,-1.373,-0.3584,0.435,2.23,-0.1243,2.3009
7,1398,front,lead,jab,0.0408,-0.0625,-1.7642,0.0016,0.4289,0.2328,-1.1395,0.0727,0.4998,-0.0148,-0.4998,0.0148,-0.2834,-0.1854,0.4362,0.7768,-0.2504,0.7821
7,1427,front,rear,cross,-4.6028,0.2093,-0.7402,1.9092,-2.8682,0.2092,0.5027,1.0547,-0.4974,-0.0512,0.4974,0.0512,-1.289,-0.2984,0.4872,1.9631,0.0215,1.9983
7,1457,front,rear,uppercut,0.0419,-0.0941,-1.181,0.1108,0.6127,0.1436,-0.8888,0.3481,0.4972,-0.0529,-0.4972,0.0529,-0.3717,-0.1767,0.5654,0.7913,-0.1613,0.8158
7,1485,front,rear,uppercut,-6.4455,0.2761,-4.044,0.9821,-3.8632,1.371,-1.7831,1.9041,-0.4965,-0.0588,0.4965,0.0588,-2.5211,-0.7027,1.038,3.8051,-0.2528,3.8784
7,1518,front,rear,hook,0.3317,-0.0316,-1.2138,-0.0411,0.6655,0.2507,-1.1078,0.0334,0.4997,0.0159,-0.4997,-0.0159,-0.1395,-0.1705,0.4211,0.7394,-0.2646,0.7423
7,1544,front,rear,hook,-2.9344,0.1532,-1.4963,0.4858,-2.2852,-0.0154,-0.3105,0.7959,-0.4883,-0.1075,0.4883,0.1075,-1.0332,-0.1271,0.2409,1.6327,0.0913,1.68
7,1573,front,rear,hook,0.2796,-0.0826,-1.2949,-0.0541,0.6148,0.1998,-1.1166,0.0362,0.4998,0.0138,-0.4998,-0.0138,-0.0625,-0.1935,0.4497,0.7425,-0.2388,0.7486
7,1603,front,lead,hook,-3.6993,0.1584,-1.8033,0.4419,-2.6246,-0.0554,-0.6157,1.0553,-0.4854,-0.1201,0.4854,0.1201,-1.39,-0.2452,0.3888,2.0521,0.1012,2.0978
7,1644,front,lead,hook,0.2259,-0.04,-1.2588,-0.0181,0.7121,0.2213,-1.0969,0.0646,0.4999,0.0078,-0.4999,-0.0078,-0.225,-0.1706,0.3952,0.7582,-0.2676,0.7618
7,1670,front,rear,hook,-3.5754,0.047,-1.8757,0.7135,-2.6376,-0.2175,-0.4996,0.7276,-0.4794,-0.1419,0.4794,0.1419,-1.6058,0.0453,0.5213,1.928,0.3719,1.9892
7,1705,front,rear,hook,0.2141,-0.055,-1.3032,-0.0249,0.6148,0.2249,-1.0755,0.0635,0.4999,0.0098,-0.4999,-0.0098,-0.2284,-0.1668,0.3898,0.7609,-0.2853,0.7627
7,1732,front,rear,hook,-2.396,0.0307,-1.0924,0.6507,-2.0143,-0.0387,-0.0592,0.5416,-0.4945,-0.074,0.4945,0.074,-0.8901,-0.0022,0.344,1.3785,0.284,1.4164
7,1761,front,rear,hook,0.1778,-0.0764,-1.3256,-0.0267,0.5202,0.2015,-1.0991,0.0644,0.4999,0.0103,-0.4999,-0.0103,-0.2152,-0.143,0.4011,0.7512,-0.2685,0.7586
7,1792,front,rear,hook,-2.7364,0.1477,-1.1778,0.6899,-2.0989,0.0573,0.0788,0.781,-0.4934,-0.0812,0.4934,0.0812,-1.0597,-0.1501,0.2299,1.4615,0.2653,1.5038
7,1815,front,rear,uppercut,0.1494,-0.0735,-1.3549,0.0291,0.6047,0.1969,-0.9964,0.2679,0.4976,-0.0488,-0.4976,0.0488,-0.3509,-0.1822,0.5226,0.7482,-0.1731,0.7655
7,1844,front,rear,uppercut,-5.1388,0.0831,-1.4742,2.5691,-3.4488,1.0136,-0.1098,1.5727,-0.4998,-0.0146,0.4998,0.0146,-2.0365,-0.5173,0.7098,3.0894,-0.0723,3.107
7,1879,front,rear,uppercut,0.0983,-0.0785,-1.3625,0.0436,0.5346,0.1724,-0.9991,0.2816,0.4975,-0.0497,-0.4975,0.0497,-0.3606,-0.1556,0.5375,0.7655,-0.1633,0.7832
7,1909,front,rear,uppercut,-5.0619,0.2062,-1.3842,2.7822,-3.1769,1.0671,-0.0053,1.6776,-0.4972,-0.0527,0.4972,0.0527,-2.0717,-0.2033,0.5839,3.077,-0.0811,3.1118
7,1939,front,rear,uppercut,0.2035,0.0366,-1.2933,0.0157,0.844,0.2742,-1.0397,0.3067,0.4971,-0.0538,-0.4971,0.0538,-0.3419,-0.16,0.6006,0.7943,-0.1198,0.8141
7,1973,front,lead,uppercut,-13.109,0.6511,-6.6006,1.2654,-7.4136,2.9873,-4.2237,3.6586,-0.4895,-0.1016,0.4895,0.1016,-5.1837,-1.3135,2.7751,7.989,-1.0909,8.1228
7,1996,front,rear,hook,0.3275,-0.0412,-1.3041,-0.038,0.6352,0.2503,-1.1791,0.0257,0.4996,0.0192,-0.4996,-0.0192,-0.1549,-0.1811,0.3949,0.7648,-0.2974,0.764
7,2023,front,lead,jab,0.2316,-0.05,-1.833,-0.0395,0.5937,0.2333,-1.1665,-0.0166,0.4999,0.0077,-0.4999,-0.0077,-0.1945,-0.1782,0.402,0.738,-0.2599,0.7378
7,2064,front,rear,cross,-3.9217,0.0993,-1.5422,0.8246,-2.3467,0.0927,-0.2369,0.7204,-0.4902,-0.0982,0.4902,0.0982,-0.9965,-0.1847,0.3476,1.6615,0.2182,1.7123
7,2097,front,lead,jab,0.1435,-0.0489,-1.8175,-0.0008,0.4899,0.236,-1.1563,0.0325,0.5,-0.0015,-0.5,0.0015,-0.2333,-0.1773,0.4321,0.7388,-0.2351,0.7393
7,2124,front,rear,cross,-3.2809,0.0629,-0.7598,0.8712,-2.0599,0.0936,0.1745,0.6102,-0.4954,-0.0679,0.4954,0.0679,-0.7971,-0.1547,0.2011,1.3166,0.233,1.3484
8,30,side,lead,jab,0.1851,-0.0857,-1.9134,-0.0762,0.4384,0.2022,-1.2109,-0.0382,0.4995,0.023,-0.4995,-0.023,-0.1768,-0.2084,0.3255,0.7865,-0.3556,0.7602
8,73,side,rear,cross,-2.16,-0.063,-0.6846,0.1053,-1.2266,-0.0316,-0.4837,0.4635,0.0059,-0.0637,-0.0059,0.0637,-0.4799,-0.2375,0.1811,0.996,-0.2993,1.004
8,100,side,rear,hook,0.2678,-0.0494,-1.292,-0.0442,0.5274,0.2475,-1.0872,0.0445,0.4995,0.0227,-0.4995,-0.0227,-0.1532,-0.2083,0.299,0.7114,-0.3584,0.7025
8,150,side,rear,hook,-1.6874,-0.0933,-0.7121,0.154,-1.0881,-0.0958,-0.3659,0.5437,-0.1252,-0.0772,0.1252,0.0772,-0.6093,-0.2191,0.0742,0.9913,-0.2139,1.0087
8,179,side,rear,uppercut,0.0994,-0.0668,-1.2724,0.0208,0.5372,0.2065,-0.9878,0.291,0.4982,-0.0423,-0.4982,0.0423,-0.3183,-0.2074,0.4203,0.7609,-0.2757,0.7687
8,210,side,rear,uppercut,-1.6058,0.0374,-0.8851,0.2355,-1.0231,0.3352,-0.4741,0.4431,-0.1275,-0.0077,0.1275,0.0077,-0.5905,-0.1683,0.1099,0.9992,-0.2324,1.0008
8,250,side,rear,hook,0.2369,-0.0537,-1.3149,-0.0443,0.4592,0.2452,-1.1104,0.0452,0.4996,0.0204,-0.4996,-0.0204,-0.1705,-0.1685,0.2839,0.7322,-0.381,0.7223
8,283,side,rear,cross,-2.3134,-0.0462,-0.9736,0.2729,-1.3537,-0.0132,-0.4128,0.3237,-0.121,-0.0327,0.121,0.0327,-0.6035,-0.1751,0.1671,0.9962,-0.2509,1.0038
8,321,side,lead,jab,0.1461,-0.0639,-1.8223,-0.0341,0.4476,0.2354,-1.1483,0.0206,0.4999,0.0092,-0.4999,-0.0092,-0.2412,-0.1714,0.3307,0.7337,-0.3334,0.7249
8,371,side,lead,hook,0.3527,-0.0309,-1.3936,-0.0722,0.615,0.2652,-1.0966,0.0158,0.4994,0.0244,-0.4994,-0.0244,-0.1165,-0.1889,0.299,0.7339,-0.3641,0.7245
8,399,side,rear,cross,-2.1976,-0.0297,-0.7564,0.205,-1.2742,-0.0144,-0.2981,0.4951,-0.0982,-0.0563,0.0982,0.0563,-0.5576,-0.1917,0.1502,0.9944,-0.2862,1.0056
8,438,side,lead,jab,0.1403,-0.054,-1.8148,-0.0426,0.495,0.2302,-1.1413,-0.0031,0.4998,0.013,-0.4998,-0.013,-0.2161,-0.1782,0.2971,0.7235,-0.3534,0.7114
8,470,side,rear,hook,-1.9338,-0.081,-0.92,0.2388,-1.3323,-0.1121,-0.2973,0.4616,-0.2669,-0.0965,0.2669,0.0965,-0.8147,-0.0021,0.1171,0.9912,0.1223,1.0088
8,507,side,rear,hook,0.1733,-0.0713,-1.3441,-0.0524,0.4493,0.2292,-1.0673,0.0308,0.4997,0.0171,-0.4997,-0.0171,-0.1984,-0.1634,0.3254,0.7436,-0.3426,0.7332
8,540,side,rear,uppercut,-1.6507,0.0188,-0.7776,0.1517,-1.1358,0.3501,-0.3564,0.3898,-0.1808,0.0063,0.1808,-0.0063,-0.6253,-0.1241,0.0708,1.0012,-0.2121,0.9987
8,576,side,rear,uppercut,0.0788,-0.0599,-1.2901,-0.022,0.4591,0.2355,-1.0453,0.2592,0.499,-0.0309,-0.499,0.0309,-0.3165,-0.1761,0.3894,0.7732,-0.311,0.7748
8,615,side,lead,hook,0.4323,-0.027,-1.3171,-0.0632,0.6791,0.2713,-1.1153,0.0251,0.4997,0.0172,-0.4997,-0.0172,-0.0804,-0.1847,0.3304,0.7252,-0.3456,0.7214
8,640,side,rear,hook,-1.7554,-0.0178,-0.8163,0.1795,-1.2733,-0.0446,-0.3528,0.4869,-0.1913,-0.0662,0.1913,0.0662,-0.6724,-0.1236,0.1267,0.9927,-0.0905,1.0073
8,681,side,lead,uppercut,0.0264,-0.0369,-1.2287,0.0715,0.5316,0.2474,-0.9297,0.3339,0.4982,-0.0422,-0.4982,0.0422,-0.4063,-0.1626,0.4113,0.7881,-0.3042,0.7836
8,726,side,rear,hook,0.4464,-0.0179,-1.3233,-0.0459,0.7204,0.276,-1.139,0.0114,0.4993,0.0258,-0.4993,-0.0258,-0.1183,-0.1919,0.3241,0.7542,-0.3641,0.7469
8,769,side,rear,uppercut,0.0904,-0.0724,-1.2644,0.058,0.6642,0.1995,-0.9692,0.329,0.497,-0.0544,-0.497,0.0544,-0.3853,-0.18,0.4247,0.7784,-0.2864,0.7871
8,819,side,rear,hook,0.4178,-0.0534,-1.3126,-0.0332,0.6976,0.2568,-1.1012,0.037,0.4996,0.0192,-0.4996,-0.0192,-0.0653,-0.1922,0.3065,0.7461,-0.3726,0.7395
8,855,side,lead,hook,-1.5897,-0.0631,-0.8465,0.1016,-0.9192,-0.1092,-0.6102,0.4432,-0.0065,-0.0817,0.0065,0.0817,-0.6148,-0.2062,0.1708,0.9952,-0.2363,1.0048
8,893,side,lead,jab,0.0753,-0.0675,-1.691,-0.0315,0.4356,0.2383,-1.1208,0.0921,0.4999,-0.0089,-0.4999,0.0089,-0.2883,-0.1945,0.3855,0.7803,-0.3217,0.7746
8,915,side,rear,cross,-2.2031,-0.0439,-0.9029,0.1864,-1.2885,-0.0259,-0.3702,0.4573,-0.0806,-0.0618,0.0806,0.0618,-0.5207,-0.204,0.2347,0.9936,-0.2003,1.0063
8,949,side,rear,hook,0.1969,-0.0506,-1.2923,-0.0328,0.4728,0.2527,-1.0782,0.0568,0.4998,0.0137,-0.4998,-0.0137,-0.1749,-0.1781,0.3063,0.7473,-0.3612,0.738
8,994,side,rear,cross,-2.3395,0.0206,-0.9014,0.2792,-1.3929,0.0238,-0.2692,0.4541,-0.188,-0.0452,0.188,0.0452,-0.6155,-0.1805,0.0913,0.9947,-0.1848,1.0053
8,1034,side,lead,jab,0.1246,-0.0345,-1.7777,-0.0165,0.4098,0.2639,-1.1407,0.0339,0.4997,0.0174,-0.4997,-0.0174,-0.2345,-0.1795,0.299,0.7609,-0.3692,0.7453
8,1066,side,rear,cross,-2.3488,0.0048,-0.8565,0.2936,-1.3666,0.0058,-0.2734,0.4232,-0.1759,-0.0478,0.1759,0.0478,-0.6227,-0.1934,0.1382,0.9937,-0.1805,1.0063
8,1107,side,lead,jab,0.1218,-0.0558,-1.793,-0.0238,0.4243,0.2481,-1.1535,0.0076,0.4996,0.0187,-0.4996,-0.0187,-0.1774,-0.1868,0.3161,0.7449,-0.354,0.7232
8,1147,side,rear,cross,-2.326,0.0041,-0.5992,0.4904,-1.4287,0.0132,-0.0923,0.4169,-0.2257,-0.0248,0.2257,0.0248,-0.6775,-0.164,0.1071,0.9962,-0.0821,1.0038
8,1182,side,rear,uppercut,0.0319,-0.0288,-1.2773,0.0663,0.5588,0.2497,-0.9437,0.3485,0.4966,-0.0578,-0.4966,0.0578,-0.387,-0.198,0.3938,0.7791,-0.2853,0.7828
8,1234,side,rear,hook,0.2626,-0.0429,-1.2556,-0.0133,0.5641,0.2599,-1.1045,0.0596,0.4998,0.0134,-0.4998,-0.0134,-0.1473,-0.1861,0.2649,0.7364,-0.3956,0.7239
8,1271,side,lead,hook,-1.69,-0.0653,-0.841,0.1163,-0.9642,-0.0556,-0.6206,0.4685,-0.0203,-0.112,0.0203,0.112,-0.7096,-0.1508,0.1917,0.9938,-0.2691,1.0062
8,1309,side,lead,jab,0.2528,-0.0678,-1.806,-0.0037,0.6466,0.2036,-1.1444,0.0316,0.5,0.0065,-0.5,-0.0065,-0.1723,-0.1801,0.2818,0.7353,-0.3934,0.7207
8,1338,side,rear,cross,-2.2534,0.0105,-0.778,0.2065,-1.3073,0.0195,-0.2842,0.5329,-0.0992,-0.065,0.0992,0.065,-0.5956,-0.1733,0.2646,0.9906,-0.1326,1.0094
8,1380,side,lead,uppercut,0.0195,-0.0024,-1.2738,0.0052,0.5691,0.2929,-1.0204,0.2947,0.4984,-0.0397,-0.4984,0.0397,-0.3571,-0.2083,0.3672,0.7665,-0.3018,0.7664
8,1408,side,rear,uppercut,-1.5578,0.0418,-0.7786,0.2299,-1.0082,0.3256,-0.5013,0.461,-0.0465,-0.0144,0.0465,0.0144,-0.538,-0.2085,0.194,0.9965,-0.2464,1.0035
8,1455,side,rear,uppercut,0.1359,-0.03,-1.2225,0.0583,0.64,0.2603,-0.9604,0.33,0.4981,-0.0435,-0.4981,0.0435,-0.3675,-0.1902,0.4155,0.7555,-0.2581,0.7605
8,1492,side,rear,uppercut,-1.5201,0.0684,-0.7305,0.2141,-0.8557,0.3824,-0.6174,0.4531,0.0009,-0.0038,-0.0009,0.0038,-0.6015,-0.1343,0.2111,1.0072,-0.3205,0.9927
8,1534,side,lead,uppercut,0.0561,0.3388,-1.1802,0.0174,0.9605,0.369,-1.0157,0.3462,0.4987,-0.0356,-0.4987,0.0356,-0.4138,-0.2152,0.3828,0.8467,-0.3353,0.8452
8,1567,side,lead,uppercut,-1.5028,0.1268,-0.6265,0.1665,-0.7871,0.4312,-0.4175,0.4066,0.0035,-0.0019,-0.0035,0.0019,-0.5737,-0.166,0.2756,0.9979,-0.2155,1.0021
8,1598,side,lead,uppercut,-0.0363,-0.0591,-1.3292,0.0883,0.3444,0.2282,-0.9504,0.3309,0.496,-0.063,-0.496,0.063,-0.4188,-0.1622,0.4402,0.7423,-0.2519,0.7482
8,1633,side,lead,uppercut,-1.6098,0.1346,-0.7815,0.0969,-0.9327,0.4028,-0.4377,0.3817,-0.114,0.0087,0.114,-0.0087,-0.6211,-0.1547,0.1622,0.9991,-0.2268,1.0009
8,1668,side,rear,hook,0.2425,-0.046,-1.2965,-0.0322,0.4939,0.2632,-1.1105,0.0415,0.4997,0.0184,-0.4997,-0.0184,-0.1802,-0.1729,0.2776,0.7429,-0.3787,0.7288
8,1700,side,rear,cross,-2.3935,0.0335,-0.9498,0.2421,-1.4606,0.039,-0.3769,0.4016,-0.1716,-0.033,0.1716,0.033,-0.6188,-0.1712,0.177,0.9934,-0.1263,1.0066
8,1738,side,rear,hook,0.2714,-0.064,-1.1986,-0.06,0.5786,0.2244,-1.1522,0.0035,0.4998,0.0154,-0.4998,-0.0154,-0.1292,-0.1742,0.3423,0.7394,-0.3189,0.7297
8,1770,side,rear,hook,-1.8482,0.014,-0.8322,0.2504,-1.2934,-0.0685,-0.2916,0.4792,-0.1896,-0.062,0.1896,0.062,-0.6737,-0.1392,0.1811,0.9923,-0.04,1.0077
8,1811,side,lead,jab,0.161,-0.0487,-1.9099,-0.0341,0.4866,0.2468,-1.1824,-0.0009,0.4999,0.011,-0.4999,-0.011,-0.2389,-0.1613,0.3781,0.7613,-0.2979,0.7516
8,1843,side,rear,cross,-2.4027,-0.0424,-0.9504,0.2829,-1.4127,-0.0149,-0.35,0.4623,-0.151,-0.0703,0.151,0.0703,-0.5869,-0.1607,0.2411,0.99,-0.1239,1.01
8,1880,side,rear,uppercut,0.0511,-0.073,-1.2971,-0.0313,0.4257,0.2208,-1.0664,0.2504,0.4992,-0.0291,-0.4992,0.0291,-0.3565,-0.1706,0.3862,0.7635,-0.2851,0.7645
8,1912,side,rear,uppercut,-1.6254,0.0248,-0.9203,0.2448,-1.0306,0.3245,-0.5102,0.4624,-0.1406,-0.0214,0.1406,0.0214,-0.5657,-0.1383,0.1434,1.0003,-0.2123,0.9997
8,1956,side,rear,uppercut,0.0843,-0.0645,-1.3233,-0.0088,0.537,0.2155,-1.0485,0.2642,0.4979,-0.0453,-0.4979,0.0453,-0.3539,-0.1754,0.4163,0.775,-0.2756,0.7802
8,1979,side,lead,uppercut,-1.608,0.1673,-0.7585,0.1216,-0.8799,0.392,-0.4474,0.3898,-0.0982,0.0055,0.0982,-0.0055,-0.6025,-0.1751,0.1569,1.0001,-0.2377,0.9999
