start_frame,center_frame,end_frame,label,raw_label,confidence,prob_none,prob_jab,prob_cross,prob_hook,prob_uppercut
0,16,31,jab,jab,0.9880234003067017,1.1336090466329551e-07,0.9880234003067017,0.004825379699468613,0.006919371895492077,0.0002317745384061709
4,20,35,jab,jab,0.9973908066749573,1.0598916411197479e-08,0.9973908066749573,0.002027124399319291,0.0005675770808011293,1.4564780940418132e-05
8,24,39,jab,jab,0.9943708777427673,3.626789180088963e-08,0.9943708777427673,0.004428665619343519,0.0011610498186200857,3.935564382118173e-05
12,28,43,cross,cross,0.7834925055503845,4.4988536274104263e-07,0.21249733865261078,0.7834925055503845,0.001996057340875268,0.0020136628299951553
16,32,47,cross,cross,0.9993477463722229,1.7914135730379144e-09,0.0002118968841386959,0.9993477463722229,8.73577573656803e-06,0.00043164839735254645
20,36,51,cross,cross,0.9999459981918335,4.623183780250173e-11,5.502918156707892e-06,0.9999459981918335,6.470108360190352e-07,4.790843013324775e-05
24,40,55,cross,cross,0.9996752738952637,1.269741672915714e-10,1.4385756230694824e-06,0.9996752738952637,4.580389486363856e-06,0.0003188224509358406
28,44,59,cross,cross,0.9903636574745178,8.213744268070755e-11,3.398684782496275e-07,0.9903636574745178,1.2853215594077483e-05,0.009623061865568161
32,48,63,cross,cross,0.9990444779396057,3.60648866326585e-09,1.6961997744147084e-06,0.9990444779396057,0.00010315716644981876,0.0008506912854500115
36,52,67,cross,cross,0.9721060395240784,6.37489705468397e-09,1.1073390851379372e-05,0.9721060395240784,0.0005657927831634879,0.027317091822624207
40,56,71,cross,cross,0.9899616241455078,0.0001027760881697759,0.005413309670984745,0.9899616241455078,0.001632630592212081,0.002889800351113081
44,60,75,cross,cross,0.9978258013725281,3.0032420909265056e-05,0.00043751124758273363,0.9978258013725281,0.0002926645684055984,0.001413977355696261
48,64,79,cross,cross,0.9329169988632202,2.4744034817558713e-05,0.058136045932769775,0.9329169988632202,0.004326391499489546,0.0045958817936480045
52,68,83,jab,jab,0.7051404714584351,2.1482403099071234e-05,0.7051404714584351,0.26642563939094543,0.020156007260084152,0.008256398141384125
56,72,87,jab,jab,0.9911150932312012,3.1057304283876874e-08,0.9911150932312012,0.008470069617033005,0.00039301509968936443,2.1802325136377476e-05
60,76,91,jab,jab,0.9689595103263855,1.9412008001040704e-08,0.9689595103263855,0.030045760795474052,0.0009862709557637572,8.58993735164404e-06
64,80,95,cross,cross,0.99980229139328,1.7901399806952156e-10,0.0001839792967075482,0.99980229139328,1.1794167221523821e-05,1.8986919485541875e-06
68,84,99,cross,cross,0.9999940395355225,4.460962415436809e-12,4.406002972245915e-06,0.9999940395355225,6.745820542164438e-07,8.758351555115951e-07
72,88,103,cross,cross,0.9999983310699463,3.885760636868074e-12,9.681417623141897e-08,0.9999983310699463,3.7202249814072275e-07,1.1698803064064123e-06
76,92,107,cross,cross,0.9999946355819702,3.3678140571452575e-12,4.490160065984128e-08,0.9999946355819702,9.479719551563903e-07,4.398360488266917e-06
80,96,111,cross,cross,0.9999868869781494,1.3784103199132591e-11,1.0181495468941648e-07,0.9999868869781494,8.156575859175064e-06,4.941376573697198e-06
84,100,115,cross,cross,0.9998815059661865,1.3850972591100685e-09,9.188465242004895e-07,0.9998815059661865,0.00010099787323269993,1.662381509959232e-05
88,104,119,cross,cross,0.9977216124534607,4.3830254981003236e-08,1.5189695659501012e-05,0.9977216124534607,0.0020985284354537725,0.00016458889876957983
92,108,123,none,hook,0.4284948706626892,7.307306077564135e-06,0.011049249209463596,0.32653751969337463,0.4284948706626892,0.23391108214855194
96,112,127,uppercut,uppercut,0.9572323560714722,3.2684897632861976e-07,0.0017485158750787377,0.025655383244156837,0.015363451093435287,0.9572323560714722
100,116,131,hook,hook,0.9391165375709534,7.89248044696933e-09,0.00010223209392279387,0.0005033081397414207,0.9391165375709534,0.06027791649103165
104,120,135,hook,hook,0.9956744313240051,2.825296940844879e-10,5.346580655896105e-05,3.585607191780582e-05,0.9956744313240051,0.004236192908138037
108,124,139,hook,hook,0.9989342093467712,9.477787998868337e-11,0.00020675214182119817,0.00010375073907198384,0.9989342093467712,0.000755361863411963
112,128,143,hook,hook,0.9997709393501282,1.6521681592274184e-11,0.0001992989709833637,9.467521522310562e-06,0.9997709393501282,2.027639129664749e-05
116,132,147,hook,hook,0.9996577501296997,1.5763696771531333e-12,8.50918786454713e-06,0.0001463294611312449,0.9996577501296997,0.00018742973043117672
120,136,151,hook,hook,0.9986391663551331,1.0152186166387245e-12,8.340962267538998e-06,0.0010360082378610969,0.9986391663551331,0.0003163687069900334
124,140,155,hook,hook,0.9989666938781738,1.4847324758537894e-12,9.543534361000638e-06,0.0005212280666455626,0.9989666938781738,0.0005025443388149142
128,144,159,hook,hook,0.9788351058959961,3.300177839338225e-11,2.8235594072612002e-05,0.01943444274365902,0.9788351058959961,0.0017022707033902407
132,148,163,hook,hook,0.8403828740119934,9.092744612804182e-11,1.7497608496341854e-05,0.15361090004444122,0.8403828740119934,0.005988638382405043
136,152,167,cross,cross,0.8230232000350952,1.0729596766623217e-08,7.948357961140573e-06,0.8230232000350952,0.17649886012077332,0.00046992217539809644
140,156,171,hook,hook,0.8876559734344482,4.994718594275582e-08,1.0531422049098182e-05,0.11068867892026901,0.8876559734344482,0.0016447786474600434
144,160,175,hook,hook,0.9963654279708862,4.533372930382029e-07,0.0005498882383108139,0.0027501964941620827,0.9963654279708862,0.00033396680373698473
148,164,179,hook,hook,0.7074902653694153,7.989120604179334e-06,0.019121013581752777,0.12604846060276031,0.7074902653694153,0.14733228087425232
152,168,183,hook,hook,0.9882855415344238,2.0119674815077815e-09,2.1953384930384345e-05,0.0015108435181900859,0.9882855415344238,0.010181761346757412
156,172,187,hook,hook,0.9977082014083862,2.4942850562759133e-10,1.545063241792377e-05,0.00014322562492452562,0.9977082014083862,0.0021330879535526037
160,176,191,hook,hook,0.9990105628967285,1.8414061941918192e-10,0.0001830547407735139,0.00010017943714046851,0.9990105628967285,0.0007062631193548441
164,180,195,hook,hook,0.9995307922363281,2.4071942356096443e-11,0.0004107370041310787,2.58141262747813e-05,0.9995307922363281,3.2660664146533236e-05
168,184,199,hook,hook,0.9997628331184387,8.711161132712864e-12,1.9108612832496874e-05,0.00019335933029651642,0.9997628331184387,2.4646567908348516e-05
172,188,203,hook,hook,0.9992973804473877,2.6012590519097767e-13,1.2608950328285573e-06,0.0006923847831785679,0.9992973804473877,8.950703886512201e-06
176,192,207,hook,hook,0.9990612864494324,1.0179575281668574e-12,6.806792953284457e-06,0.000911058159545064,0.9990612864494324,2.081649290630594e-05
180,196,211,hook,hook,0.9943637847900391,4.652655864745281e-12,3.5361167647351976e-06,0.005591386929154396,0.9943637847900391,4.128286673221737e-05
184,200,215,hook,hook,0.9761675596237183,1.4233068716673625e-11,4.3034765440097544e-06,0.02345983497798443,0.9761675596237183,0.0003683104005176574
188,204,219,cross,cross,0.9309236407279968,3.4220770661619326e-09,8.154327588272281e-06,0.9309236407279968,0.06906095892190933,7.243801974254893e-06
192,208,223,hook,hook,0.8192043304443359,9.78991998579204e-09,8.899211024981923e-06,0.18037816882133484,0.8192043304443359,0.00040861289016902447
196,212,227,hook,hook,0.9987278580665588,1.0708577491413962e-07,2.3262618924491107e-05,0.0012064690236002207,0.9987278580665588,4.228822945151478e-05
200,216,231,hook,hook,0.9966892600059509,3.037208955447568e-07,9.262139064958319e-05,0.002900433959439397,0.9966892600059509,0.00031734551885165274
204,220,235,hook,hook,0.9345455765724182,3.3129890653071925e-06,0.004347325302660465,0.010383526794612408,0.9345455765724182,0.050720322877168655
208,224,239,uppercut,uppercut,0.8110677599906921,6.874197993056441e-07,0.0014350861310958862,0.002131290966644883,0.1853652000427246,0.8110677599906921
212,228,243,uppercut,uppercut,0.9993588328361511,5.9549583042439735e-09,1.5090714668986038e-06,4.934504613629542e-05,0.0005903376149944961,0.9993588328361511
216,232,247,uppercut,uppercut,0.9993659853935242,4.5705664947215396e-11,9.062424055628071e-08,2.9231314329081215e-06,0.0006310268072411418,0.9993659853935242
220,236,251,uppercut,uppercut,0.998621940612793,7.296051957039751e-11,2.34710583413289e-07,3.524997964632348e-06,0.0013742822920903563,0.998621940612793
224,240,255,uppercut,uppercut,0.9972532391548157,4.819124543864461e-10,3.4845879781641997e-06,2.3326902010012418e-05,0.002719973213970661,0.9972532391548157
228,244,259,uppercut,uppercut,0.989015519618988,8.53233095288175e-10,2.912042873504106e-05,6.577132444363087e-05,0.010889550670981407,0.989015519618988
232,248,263,uppercut,uppercut,0.9999052286148071,2.1733869315799376e-13,3.7355899706881246e-08,9.823955224419478e-06,8.491370681440458e-05,0.9999052286148071
236,252,267,uppercut,uppercut,0.9999918937683105,1.7243609807792164e-15,7.898369180914244e-10,3.119285793218296e-06,5.03523915540427e-06,0.9999918937683105
240,256,271,uppercut,uppercut,0.9998928308486938,1.501712166077085e-12,1.725421014953099e-07,9.370674524689093e-05,1.3327185115485918e-05,0.9998928308486938
244,260,275,uppercut,uppercut,0.9999029636383057,1.3710859704529899e-12,5.74230398342479e-07,7.079973875079304e-05,2.5681685656309128e-05,0.9999029636383057
248,264,279,uppercut,uppercut,0.9995600581169128,2.0541110045541044e-12,1.0977479178109206e-05,0.00034506054362282157,8.391018491238356e-05,0.9995600581169128
252,268,283,uppercut,uppercut,0.99978107213974,3.3376166413967567e-13,1.7746646108207642e-06,7.090306462487206e-05,0.00014626797928940505,0.99978107213974
256,272,287,uppercut,uppercut,0.9997666478157043,3.1412513649270446e-13,2.760078814389999e-07,0.00013733240484725684,9.578482422512025e-05,0.9997666478157043
260,276,291,uppercut,uppercut,0.9947220087051392,8.748614610532002e-10,0.0008089716429822147,0.0010518357157707214,0.003417159663513303,0.9947220087051392
264,280,295,uppercut,uppercut,0.999698281288147,1.8505166149429542e-11,6.3133293224382214e-06,0.00017359224148094654,0.00012188477558083832,0.999698281288147
268,284,299,uppercut,uppercut,0.9999853372573853,3.5493226413496615e-11,1.9244239979343547e-07,1.1429183359723538e-05,3.061729330511298e-06,0.9999853372573853
272,288,303,uppercut,uppercut,0.9999394416809082,2.999016313065539e-11,4.5138261128840895e-08,1.16261776383908e-06,5.929033795837313e-05,0.9999394416809082
276,292,307,uppercut,uppercut,0.9997941851615906,1.4205153719970554e-10,4.1664262084850634e-07,7.2171933425124735e-06,0.0001981460372917354,0.9997941851615906
280,296,311,uppercut,uppercut,0.9996569156646729,4.93487639641188e-10,2.7507805953064235e-06,3.3188371162395924e-06,0.0003370471531525254,0.9996569156646729
284,300,315,uppercut,uppercut,0.999935507774353,2.416994729359523e-11,6.403498673535069e-07,1.6986226683002315e-06,6.214580935193226e-05,0.999935507774353
288,304,319,uppercut,uppercut,0.9999926090240479,3.53285617719825e-14,8.944541107780424e-09,5.152554081178096e-07,6.822169325459981e-06,0.9999926090240479
292,308,323,uppercut,uppercut,0.999987006187439,4.8143028463527165e-14,7.472945817710297e-09,1.0155517884413712e-05,2.7944217890762957e-06,0.999987006187439
296,312,327,uppercut,uppercut,0.9987081289291382,1.137343899615395e-10,1.040511779137887e-05,0.0012203212827444077,6.120066245784983e-05,0.9987081289291382
300,316,331,uppercut,uppercut,0.999218225479126,1.1217882178726768e-10,1.4395032849279232e-05,0.0007338953437283635,3.3526288461871445e-05,0.999218225479126
304,320,335,uppercut,uppercut,0.9997908473014832,4.859294910897205e-11,2.033101964116213e-06,0.0001915603206725791,1.563315345265437e-05,0.9997908473014832
308,324,339,uppercut,uppercut,0.9990491271018982,1.3079989868991504e-10,9.267972927773371e-06,0.0009100774768739939,3.153763827867806e-05,0.9990491271018982
312,328,343,uppercut,uppercut,0.9467010498046875,1.4493296873752115e-07,0.0002925787994172424,0.051341816782951355,0.0016644642455503345,0.9467010498046875
316,332,347,uppercut,uppercut,0.9604659676551819,2.722373574215453e-05,0.013840380124747753,0.007879042066633701,0.017787419259548187,0.9604659676551819
320,336,351,uppercut,uppercut,0.9396113753318787,2.59750504483236e-05,0.011865063570439816,0.03135622665286064,0.017141329124569893,0.9396113753318787
324,340,355,none,uppercut,0.40901535749435425,0.021477868780493736,0.26064902544021606,0.2838646471500397,0.02499309368431568,0.40901535749435425
328,344,359,jab,jab,0.668782651424408,0.004451775923371315,0.668782651424408,0.2568199038505554,0.012529328465461731,0.05741634592413902
332,348,363,jab,jab,0.8729115128517151,0.00019062466162722558,0.8729115128517151,0.11792550981044769,0.004391719587147236,0.004580645356327295
336,352,367,jab,jab,0.9809125065803528,1.5773681525388383e-06,0.9809125065803528,0.0184718519449234,0.0005798645433969796,3.424218812142499e-05
340,356,371,cross,cross,0.9133464694023132,1.135553134190559e-06,0.08433804661035538,0.9133464694023132,0.0020904652774333954,0.00022385813645087183
344,360,375,cross,cross,0.9997841715812683,2.2694088275265756e-10,0.00010179175296798348,0.9997841715812683,0.0001047262194333598,9.3446287792176e-06
348,364,379,cross,cross,0.9999589920043945,7.677536384420591e-11,6.272767677728552e-06,0.9999589920043945,2.7765154300141148e-05,6.873976417409722e-06
352,368,383,cross,cross,0.9999299049377441,2.8567040399885e-10,4.346496552898316e-06,0.9999299049377441,5.8805493608815596e-05,6.977389602980111e-06
356,372,387,cross,cross,0.999880313873291,3.46252443383932e-10,1.0523499440751038e-06,0.999880313873291,0.00011335001181578264,5.2495047384581994e-06
360,376,391,cross,cross,0.9999364614486694,1.0180646548008099e-08,4.499204806052148e-06,0.9999364614486694,5.751204662374221e-05,1.539598315503099e-06
364,380,395,cross,cross,0.9977224469184875,4.4545853938871005e-07,1.9169627194060013e-05,0.9977224469184875,0.00208321213722229,0.00017466640565544367
368,384,399,cross,cross,0.9640779495239258,0.00011180139699717984,0.00029765409999527037,0.9640779495239258,0.0354679599404335,4.456297028809786e-05
372,388,403,cross,cross,0.9901171326637268,3.273383845225908e-05,0.00037637812783941627,0.9901171326637268,0.00940483808517456,6.894986290717497e-05
376,392,407,cross,cross,0.9594326019287109,0.00018276153423357755,0.010753591544926167,0.9594326019287109,0.028875265270471573,0.0007558275246992707
380,396,411,cross,cross,0.8364652395248413,9.063443576451391e-05,0.10701272636651993,0.8364652395248413,0.05466021969914436,0.0017711167456582189
384,400,415,jab,jab,0.729303777217865,7.269742582138861e-06,0.729303777217865,0.25246158242225647,0.01807236671447754,0.00015499224537052214
388,404,419,cross,cross,0.9917728304862976,5.09027813677676e-07,0.005157862789928913,0.9917728304862976,0.0024272240698337555,0.0006415566895157099
392,408,423,cross,cross,0.998908281326294,8.097148507246743e-10,5.711050471290946e-05,0.998908281326294,0.000827454961836338,0.00020705320639535785
396,412,427,cross,cross,0.9996790885925293,2.7690205683938984e-10,9.958855116565246e-06,0.9996790885925293,9.889665670925751e-05,0.00021198351169005036
400,416,431,cross,cross,0.9995706677436829,1.1578345227025721e-10,2.640873844939051e-06,0.9995706677436829,0.00020234828116372228,0.0002244095376227051
404,420,435,cross,cross,0.9996657371520996,6.879215252997284e-11,3.134043993213709e-07,0.9996657371520996,0.00017844077956397086,0.00015556416474282742
408,424,439,cross,cross,0.9961618185043335,1.670038662915374e-09,1.1200413609913085e-06,0.9961618185043335,0.0037840192671865225,5.303244324750267e-05
412,428,443,cross,cross,0.7224885821342468,6.312823330745232e-08,9.186514034809079e-06,0.7224885821342468,0.26911041140556335,0.008391798473894596
416,432,447,hook,hook,0.7707375288009644,7.271848971868167e-06,0.00029390162671916187,0.2259354144334793,0.7707375288009644,0.0030258928891271353
420,436,451,hook,hook,0.8456367254257202,1.7347836546832696e-05,0.0011989253107458353,0.1473095417022705,0.8456367254257202,0.005837522447109222
424,440,455,hook,hook,0.9753193855285645,1.512824781002564e-07,9.442311238672119e-06,0.010141531936824322,0.9753193855285645,0.014529416337609291
428,444,459,hook,hook,0.995367169380188,2.9308965920904484e-08,3.269754415669013e-06,0.0012711122399196029,0.995367169380188,0.003358518471941352
432,448,463,hook,hook,0.9956992864608765,1.655124215460546e-08,5.8813351643038914e-05,0.001305342884734273,0.9956992864608765,0.0029365718364715576
436,452,467,hook,hook,0.9985861778259277,7.774351162836979e-10,2.871416654670611e-05,7.98954933998175e-05,0.9985861778259277,0.001305313897319138
440,456,471,hook,hook,0.975148618221283,1.647392916526158e-10,6.90842807671288e-06,0.0005062104901298881,0.975148618221283,0.024338271468877792
444,460,475,hook,hook,0.9977567791938782,8.539522170988856e-13,2.1315689480161382e-07,0.00030760574736632407,0.9977567791938782,0.0019354786491021514
448,464,479,hook,hook,0.9975274205207825,1.3236755441736747e-12,8.673902129885391e-07,0.0001766297937138006,0.9975274205207825,0.002295085461810231
452,468,483,hook,hook,0.9958744645118713,2.7049413056645655e-11,1.9949233319493942e-05,0.002051411895081401,0.9958744645118713,0.002054213546216488
456,472,487,hook,hook,0.9954653382301331,1.693566814564562e-11,9.355325346405152e-06,0.00331247434951365,0.9954653382301331,0.0012129555689170957
460,476,491,hook,hook,0.9661820530891418,5.027860350281799e-10,1.4549680599884596e-05,0.03360915184020996,0.9661820530891418,0.00019428161613177508
464,480,495,hook,hook,0.9537612795829773,4.25877040299838e-08,2.3670050723012537e-05,0.04395474120974541,0.9537612795829773,0.002260261680930853
468,484,499,hook,hook,0.9869862198829651,2.5170495518977987e-06,0.0002621746971271932,0.012118824757635593,0.9869862198829651,0.0006302630063146353
472,488,503,hook,hook,0.9184590578079224,1.4457981706073042e-05,0.0017842977540567517,0.07210481911897659,0.9184590578079224,0.007637405302375555
476,492,507,hook,hook,0.9112811088562012,3.151498901843297e-07,2.3825112293707207e-05,0.06659907847642899,0.9112811088562012,0.022095637395977974
480,496,511,hook,hook,0.9965991377830505,5.48184519999495e-09,1.3023624205743545e-06,0.0022600588854402304,0.9965991377830505,0.0011396050686016679
484,500,515,hook,hook,0.9809250235557556,3.6392776792126824e-08,7.117627683328465e-05,0.01127108745276928,0.9809250235557556,0.007732654921710491
488,504,519,hook,hook,0.9993135929107666,1.6240941924650087e-09,2.347016561543569e-05,0.0004766528436448425,0.9993135929107666,0.0001863558718468994
492,508,523,hook,hook,0.9972237348556519,3.9918163219354597e-10,1.1594840543693863e-05,0.0019435768481343985,0.9972237348556519,0.0008210850646719337
496,512,527,hook,hook,0.9985553622245789,1.9621626372312573e-12,3.747128971554048e-07,0.0011243351036682725,0.9985553622245789,0.00031996946199797094
500,516,531,hook,hook,0.9966815114021301,3.4786990996127365e-12,2.149938609363744e-06,0.00208051479421556,0.9966815114021301,0.0012358259409666061
504,520,535,hook,hook,0.9896159172058105,8.770158904658487e-11,1.7701087926980108e-05,0.008351046591997147,0.9896159172058105,0.002015352714806795
508,524,539,hook,hook,0.9889398217201233,2.9966532727465633e-11,4.552963218884543e-06,0.01051324326545,0.9889398217201233,0.0005424441187642515
512,528,543,hook,hook,0.7967839241027832,9.435813241864821e-10,2.2003881895216182e-05,0.2024211585521698,0.7967839241027832,0.0007729074568487704
516,532,547,hook,hook,0.7554753422737122,2.0309946080487862e-07,3.0436871384154074e-05,0.23324525356292725,0.7554753422737122,0.011248720809817314
520,536,551,hook,hook,0.9702267050743103,1.8695719745664974e-06,0.0002570772194303572,0.026023555546998978,0.9702267050743103,0.003490861039608717
524,540,555,hook,hook,0.8450987935066223,1.1311295565974433e-05,0.0015924354083836079,0.09007983654737473,0.8450987935066223,0.06321767717599869
528,544,559,uppercut,uppercut,0.9882681965827942,9.602768358263347e-09,4.120242465432966e-06,0.0020856144838035107,0.009642091579735279,0.9882681965827942
532,548,563,uppercut,uppercut,0.9986724853515625,8.659482020334508e-10,1.381510173814604e-06,0.0008292128914035857,0.0004968973225913942,0.9986724853515625
536,552,567,uppercut,uppercut,0.9971822500228882,1.7465632273783172e-09,3.2176005333894864e-05,0.0024935640394687653,0.0002920033875852823,0.9971822500228882
540,556,571,uppercut,uppercut,0.9999114274978638,2.0183325497025173e-11,2.582000433903886e-06,5.4268250096356496e-05,3.1716699595563114e-05,0.9999114274978638
544,560,575,uppercut,uppercut,0.9999980926513672,1.2652504674667223e-14,1.937194404888487e-09,1.6848827044668724e-06,1.7620568826259841e-07,0.9999980926513672
548,564,579,uppercut,uppercut,0.9999988079071045,6.494345072804162e-16,1.4200826625732077e-10,1.1228873972868314e-06,1.919417691453873e-08,0.9999988079071045
552,568,583,uppercut,uppercut,0.9999977350234985,1.2887524236157414e-16,6.682307485128547e-11,2.206808176197228e-06,3.67854156024805e-08,0.9999977350234985
556,572,587,uppercut,uppercut,0.9999977350234985,2.623803680833897e-13,1.491592804825359e-08,1.2909533779748017e-06,9.066946518032637e-07,0.9999977350234985
560,576,591,uppercut,uppercut,0.9999549388885498,5.843350434596439e-13,1.7091887016817964e-08,2.0356195818749256e-05,2.4734688850003295e-05,0.9999549388885498
564,580,595,uppercut,uppercut,0.9978817105293274,3.42448447376853e-09,1.0554873369983397e-05,0.0015346006257459521,0.000573142315261066,0.9978817105293274
568,584,599,uppercut,uppercut,0.993125319480896,3.3056295478672837e-09,1.4421676723941346e-06,0.002463286044076085,0.004409871529787779,0.993125319480896
572,588,603,none,hook,0.4818974733352661,0.0008529715123586357,0.021468931809067726,0.33723241090774536,0.4818974733352661,0.15854822099208832
576,592,607,none,uppercut,0.3925236761569977,0.00027566374046728015,0.06305990368127823,0.17753978073596954,0.3666009306907654,0.3925236761569977
580,596,611,uppercut,uppercut,0.8384398221969604,1.351472019450739e-05,0.011642670258879662,0.10913615673780441,0.04076783359050751,0.8384398221969604
584,600,615,uppercut,uppercut,0.9983227849006653,1.1113220566016935e-08,1.4958960491640028e-05,0.0015230089193210006,0.0001392754347762093,0.9983227849006653
588,604,619,uppercut,uppercut,0.9927142262458801,2.464915098698839e-07,0.000147194616147317,0.007081318646669388,5.695330401067622e-05,0.9927142262458801
592,608,623,uppercut,uppercut,0.9928504228591919,1.50302863488605e-08,0.0007052069413475692,0.006412757094949484,3.1586539989802986e-05,0.9928504228591919
596,612,627,uppercut,uppercut,0.9999126195907593,1.3437471621524644e-11,1.3199057775636902e-06,8.36573526612483e-05,2.386533196840901e-06,0.9999126195907593
600,616,631,uppercut,uppercut,0.999991774559021,3.402302438466529e-15,1.0750336176812425e-09,8.23016762296902e-06,1.6855372209079178e-08,0.999991774559021
604,620,635,uppercut,uppercut,0.9999986886978149,2.0683257478916882e-17,2.2444509792385325e-11,1.3587844023277285e-06,1.8523214073695726e-09,0.9999986886978149
608,624,639,uppercut,uppercut,0.9999886751174927,3.15810178098193e-15,1.1505444375004004e-09,1.1282103514531627e-05,1.852169617677646e-08,0.9999886751174927
612,628,643,uppercut,uppercut,0.9999977350234985,1.5211891169519581e-15,9.71677294181461e-10,2.17017395698349e-06,4.52856845356564e-08,0.9999977350234985
616,632,647,uppercut,uppercut,0.9998757839202881,2.07938795847816e-13,2.4371853868387916e-08,9.157585009234026e-05,3.262483005528338e-05,0.9998757839202881
