video_id,start_frame,apex_frame,end_frame,label
LIM 1,16,30,30,jab
LIM 1,30,44,61,cross
LIM 1,67,77,77,jab
LIM 1,83,95,112,cross
LIM 1,118,133,133,hook
LIM 1,133,148,162,hook
LIM 1,173,185,186,hook
LIM 1,186,203,213,hook
LIM 1,231,246,246,uppercut
LIM 1,247,264,282,uppercut
LIM 1,283,299,299,uppercut
LIM 1,299,317,333,uppercut
LIM 1,347,357,359,jab
LIM 1,359,373,390,cross
LIM 1,396,406,406,jab
LIM 1,408,420,435,cross
LIM 1,440,457,457,hook
LIM 1,457,474,487,hook
LIM 1,494,509,509,hook
LIM 1,509,525,538,hook
LIM 1,543,561,561,uppercut
LIM 1,563,576,596,uppercut
LIM 1,599,612,612,uppercut
LIM 1,613,631,646,uppercut
LIM 2,0,7,13,jab
LIM 2,11,26,42,cross
LIM 2,50,61,61,jab
LIM 2,61,76,92,cross
LIM 2,102,116,116,hook
LIM 2,116,133,146,hook
LIM 2,156,169,169,hook
LIM 2,169,185,199,hook
LIM 2,212,230,230,uppercut
LIM 2,230,246,261,uppercut
LIM 2,271,285,285,uppercut
LIM 2,286,304,314,uppercut
LIM 2,318,331,331,jab
LIM 2,332,346,359,cross
LIM 2,369,383,383,hook
LIM 2,383,397,410,hook
LIM 2,416,432,432,uppercut
LIM 2,432,448,463,uppercut
LIM 2,466,477,477,jab
LIM 2,477,491,507,cross
LIM 2,513,525,525,hook
LIM 2,525,540,554,hook
LIM 2,565,581,581,uppercut
LIM 2,581,598,609,uppercut
LIM 5,8,21,42,jab
LIM 5,42,53,64,cross
LIM 5,64,86,91,hook
LIM 5,91,124,124,hook
LIM 5,124,154,154,hook
LIM 5,153,181,181,hook
LIM 5,181,211,211,uppercut
LIM 5,211,241,241,uppercut
LIM 5,241,268,268,uppercut
